,album_id,album_title,album_rd,album_seq,track_id,track_name,track_popularity,danceability,energy,key,loudness,mode,speechiness,acousticness,instrumentalness,liveness,valence,tempo,type,id,uri,track_href,analysis_url,duration_ms,time_signature
0,6egaEe9JaULuUCkihSnYlH,2 Cool 4 Skool,2013-06-12,1,1UlnDZ5ubsSX3xrXu063dZ,Intro: 2 Cool 4 Skool,51,0.894,0.835,8,-6.249,1,0.245,0.179,0.266,0.179,0.532,94.871,audio_features,1UlnDZ5ubsSX3xrXu063dZ,spotify:track:1UlnDZ5ubsSX3xrXu063dZ,https://api.spotify.com/v1/tracks/1UlnDZ5ubsSX3xrXu063dZ,https://api.spotify.com/v1/audio-analysis/1UlnDZ5ubsSX3xrXu063dZ,63787,4
1,6egaEe9JaULuUCkihSnYlH,2 Cool 4 Skool,2013-06-12,2,5pjHS3EpHurMyIpB2QBnEd,We Are Bulletproof Pt.2,65,0.753,0.95,8,-5.09,0,0.16,0.0104,6.32e-06,0.134,0.868,144.02,audio_features,5pjHS3EpHurMyIpB2QBnEd,spotify:track:5pjHS3EpHurMyIpB2QBnEd,https://api.spotify.com/v1/tracks/5pjHS3EpHurMyIpB2QBnEd,https://api.spotify.com/v1/audio-analysis/5pjHS3EpHurMyIpB2QBnEd,223933,4
2,6egaEe9JaULuUCkihSnYlH,2 Cool 4 Skool,2013-06-12,3,4Ut6UU8Yyihz1jCZWSCQpu,Skit: Circle Room Talk,44,0.598,0.356,9,-18.009,1,0.802,0.912,0.0,0.913,0.817,121.045,audio_features,4Ut6UU8Yyihz1jCZWSCQpu,spotify:track:4Ut6UU8Yyihz1jCZWSCQpu,https://api.spotify.com/v1/tracks/4Ut6UU8Yyihz1jCZWSCQpu,https://api.spotify.com/v1/audio-analysis/4Ut6UU8Yyihz1jCZWSCQpu,131907,3
3,6egaEe9JaULuUCkihSnYlH,2 Cool 4 Skool,2013-06-12,4,089PFeXotzDLNQz9NCk6pF,No More Dream,66,0.438,0.864,2,-5.185,1,0.47,0.0118,1.66e-06,0.431,0.594,167.898,audio_features,089PFeXotzDLNQz9NCk6pF,spotify:track:089PFeXotzDLNQz9NCk6pF,https://api.spotify.com/v1/tracks/089PFeXotzDLNQz9NCk6pF,https://api.spotify.com/v1/audio-analysis/089PFeXotzDLNQz9NCk6pF,222067,4
4,6egaEe9JaULuUCkihSnYlH,2 Cool 4 Skool,2013-06-12,5,2QVXLAI2Io3tDmhFOSumr0,Interlude,51,0.914,0.276,1,-13.392,0,0.319,0.494,0.762,0.392,0.854,125.897,audio_features,2QVXLAI2Io3tDmhFOSumr0,spotify:track:2QVXLAI2Io3tDmhFOSumr0,https://api.spotify.com/v1/tracks/2QVXLAI2Io3tDmhFOSumr0,https://api.spotify.com/v1/audio-analysis/2QVXLAI2Io3tDmhFOSumr0,52440,4
5,6egaEe9JaULuUCkihSnYlH,2 Cool 4 Skool,2013-06-12,6,55Ctj6nVfobn9AcPe6sLG2,Like,74,0.737,0.723,0,-4.165,0,0.0705,0.303,0.0,0.26,0.783,100.939,audio_features,55Ctj6nVfobn9AcPe6sLG2,spotify:track:55Ctj6nVfobn9AcPe6sLG2,https://api.spotify.com/v1/tracks/55Ctj6nVfobn9AcPe6sLG2,https://api.spotify.com/v1/audio-analysis/55Ctj6nVfobn9AcPe6sLG2,231893,4
6,6egaEe9JaULuUCkihSnYlH,2 Cool 4 Skool,2013-06-12,7,1GPIdEcxPjPIYGmN08b1yf,Outro: Circle Room Cypher,47,0.688,0.515,7,-11.608,1,0.523,0.536,0.0,0.189,0.852,94.077,audio_features,1GPIdEcxPjPIYGmN08b1yf,spotify:track:1GPIdEcxPjPIYGmN08b1yf,https://api.spotify.com/v1/tracks/1GPIdEcxPjPIYGmN08b1yf,https://api.spotify.com/v1/audio-analysis/1GPIdEcxPjPIYGmN08b1yf,323640,4
7,6rWmdSJIaGTVtdMJQ35Lvf,"O!RUL8,2?",2013-09-11,1,3FdanLGasOj37Xi316GfZ4,"Intro: O!RUL8,2?",51,0.455,0.9,7,-5.029,1,0.393,0.272,0.0,0.0945,0.188,150.14,audio_features,3FdanLGasOj37Xi316GfZ4,spotify:track:3FdanLGasOj37Xi316GfZ4,https://api.spotify.com/v1/tracks/3FdanLGasOj37Xi316GfZ4,https://api.spotify.com/v1/audio-analysis/3FdanLGasOj37Xi316GfZ4,70531,4
8,6rWmdSJIaGTVtdMJQ35Lvf,"O!RUL8,2?",2013-09-11,2,7JosxtkCqIQieNWXA2Dj3v,N.O,60,0.595,0.914,11,-3.764,0,0.166,0.0389,0.0,0.457,0.572,146.89,audio_features,7JosxtkCqIQieNWXA2Dj3v,spotify:track:7JosxtkCqIQieNWXA2Dj3v,https://api.spotify.com/v1/tracks/7JosxtkCqIQieNWXA2Dj3v,https://api.spotify.com/v1/audio-analysis/7JosxtkCqIQieNWXA2Dj3v,209752,4
9,6rWmdSJIaGTVtdMJQ35Lvf,"O!RUL8,2?",2013-09-11,3,29vOLabxvytbI8fX9xgTaD,We On,56,0.801,0.797,2,-4.319,0,0.163,0.0405,2.39e-06,0.115,0.801,97.009,audio_features,29vOLabxvytbI8fX9xgTaD,spotify:track:29vOLabxvytbI8fX9xgTaD,https://api.spotify.com/v1/tracks/29vOLabxvytbI8fX9xgTaD,https://api.spotify.com/v1/audio-analysis/29vOLabxvytbI8fX9xgTaD,230885,4
10,6rWmdSJIaGTVtdMJQ35Lvf,"O!RUL8,2?",2013-09-11,4,53XrsilgguJmmsEtDsj0yY,Skit: R U Happy Now?,43,0.535,0.382,1,-18.76,1,0.645,0.852,0.0,0.311,0.609,86.969,audio_features,53XrsilgguJmmsEtDsj0yY,spotify:track:53XrsilgguJmmsEtDsj0yY,https://api.spotify.com/v1/tracks/53XrsilgguJmmsEtDsj0yY,https://api.spotify.com/v1/audio-analysis/53XrsilgguJmmsEtDsj0yY,148073,4
11,6rWmdSJIaGTVtdMJQ35Lvf,"O!RUL8,2?",2013-09-11,5,4bLtrrVDspeDNSaHGGMQkB,If I Ruled the World,56,0.744,0.725,7,-6.29,1,0.112,0.0434,0.0,0.296,0.729,95.981,audio_features,4bLtrrVDspeDNSaHGGMQkB,spotify:track:4bLtrrVDspeDNSaHGGMQkB,https://api.spotify.com/v1/tracks/4bLtrrVDspeDNSaHGGMQkB,https://api.spotify.com/v1/audio-analysis/4bLtrrVDspeDNSaHGGMQkB,247450,4
12,6rWmdSJIaGTVtdMJQ35Lvf,"O!RUL8,2?",2013-09-11,6,4eqHEzFsCCiGALC1MHbqnU,Coffee,65,0.656,0.798,0,-6.608,1,0.103,0.00862,0.0,0.321,0.573,92.031,audio_features,4eqHEzFsCCiGALC1MHbqnU,spotify:track:4eqHEzFsCCiGALC1MHbqnU,https://api.spotify.com/v1/tracks/4eqHEzFsCCiGALC1MHbqnU,https://api.spotify.com/v1/audio-analysis/4eqHEzFsCCiGALC1MHbqnU,260433,4
13,6rWmdSJIaGTVtdMJQ35Lvf,"O!RUL8,2?",2013-09-11,7,3KkbZok84es6JqI5aiLj1g,BTS Cypher Pt.1,53,0.751,0.903,2,-5.413,1,0.354,0.539,0.0,0.343,0.858,96.548,audio_features,3KkbZok84es6JqI5aiLj1g,spotify:track:3KkbZok84es6JqI5aiLj1g,https://api.spotify.com/v1/tracks/3KkbZok84es6JqI5aiLj1g,https://api.spotify.com/v1/audio-analysis/3KkbZok84es6JqI5aiLj1g,131192,4
14,6rWmdSJIaGTVtdMJQ35Lvf,"O!RUL8,2?",2013-09-11,8,06PapYCtVDlprJPgGELabn,Attack on Bangtan,61,0.72,0.962,11,-2.555,0,0.268,0.2,0.0,0.165,0.667,118.025,audio_features,06PapYCtVDlprJPgGELabn,spotify:track:06PapYCtVDlprJPgGELabn,https://api.spotify.com/v1/tracks/06PapYCtVDlprJPgGELabn,https://api.spotify.com/v1/audio-analysis/06PapYCtVDlprJPgGELabn,246526,4
15,6rWmdSJIaGTVtdMJQ35Lvf,"O!RUL8,2?",2013-09-11,9,3VlYMpSmYooLpzLiRBBfbX,Paldogangsan,54,0.564,0.945,11,-3.11,0,0.243,0.0789,0.0,0.0873,0.871,105.018,audio_features,3VlYMpSmYooLpzLiRBBfbX,spotify:track:3VlYMpSmYooLpzLiRBBfbX,https://api.spotify.com/v1/tracks/3VlYMpSmYooLpzLiRBBfbX,https://api.spotify.com/v1/audio-analysis/3VlYMpSmYooLpzLiRBBfbX,205061,4
16,6rWmdSJIaGTVtdMJQ35Lvf,"O!RUL8,2?",2013-09-11,10,2ZiVvIvwAwNRL4dUO3TaF6,Outro: Luv in Skool,55,0.693,0.392,5,-6.615,1,0.0439,0.0508,0.0,0.144,0.472,131.863,audio_features,2ZiVvIvwAwNRL4dUO3TaF6,spotify:track:2ZiVvIvwAwNRL4dUO3TaF6,https://api.spotify.com/v1/tracks/2ZiVvIvwAwNRL4dUO3TaF6,https://api.spotify.com/v1/audio-analysis/2ZiVvIvwAwNRL4dUO3TaF6,86045,4
17,5r35iS0uSSoQBKzQj0IeI3,Skool Luv Affair,2014-02-12,1,7vG0yTvfZZtQ4DoSyy5a61,Intro: Skool Luv Affair,53,0.587,0.82,4,-2.701,0,0.428,0.0601,0.0,0.0599,0.671,93.841,audio_features,7vG0yTvfZZtQ4DoSyy5a61,spotify:track:7vG0yTvfZZtQ4DoSyy5a61,https://api.spotify.com/v1/tracks/7vG0yTvfZZtQ4DoSyy5a61,https://api.spotify.com/v1/audio-analysis/7vG0yTvfZZtQ4DoSyy5a61,178282,4
18,5r35iS0uSSoQBKzQj0IeI3,Skool Luv Affair,2014-02-12,2,3FnDv33WrrMtuEr7hNR3ev,Boy in Luv,68,0.491,0.947,0,-2.252,1,0.306,0.00261,0.0,0.34,0.474,166.236,audio_features,3FnDv33WrrMtuEr7hNR3ev,spotify:track:3FnDv33WrrMtuEr7hNR3ev,https://api.spotify.com/v1/tracks/3FnDv33WrrMtuEr7hNR3ev,https://api.spotify.com/v1/audio-analysis/3FnDv33WrrMtuEr7hNR3ev,230778,4
19,5r35iS0uSSoQBKzQj0IeI3,Skool Luv Affair,2014-02-12,3,0hukH4ZKPofZVmfTcEnLHN,Skit: Soulmate,45,0.633,0.285,4,-15.35,1,0.841,0.898,0.0,0.905,0.749,124.219,audio_features,0hukH4ZKPofZVmfTcEnLHN,spotify:track:0hukH4ZKPofZVmfTcEnLHN,https://api.spotify.com/v1/tracks/0hukH4ZKPofZVmfTcEnLHN,https://api.spotify.com/v1/audio-analysis/0hukH4ZKPofZVmfTcEnLHN,92791,3
20,5r35iS0uSSoQBKzQj0IeI3,Skool Luv Affair,2014-02-12,4,0nZaV8LwxHeg8TqFy193IL,Where You From,55,0.654,0.867,7,-1.772,1,0.313,0.432,0.0,0.0745,0.919,85.078,audio_features,0nZaV8LwxHeg8TqFy193IL,spotify:track:0nZaV8LwxHeg8TqFy193IL,https://api.spotify.com/v1/tracks/0nZaV8LwxHeg8TqFy193IL,https://api.spotify.com/v1/audio-analysis/0nZaV8LwxHeg8TqFy193IL,240107,4
21,5r35iS0uSSoQBKzQj0IeI3,Skool Luv Affair,2014-02-12,5,6t7WriKgVszATnrdBKSUAf,Just One Day,70,0.685,0.713,6,-4.705,0,0.266,0.179,0.0,0.377,0.301,95.092,audio_features,6t7WriKgVszATnrdBKSUAf,spotify:track:6t7WriKgVszATnrdBKSUAf,https://api.spotify.com/v1/tracks/6t7WriKgVszATnrdBKSUAf,https://api.spotify.com/v1/audio-analysis/6t7WriKgVszATnrdBKSUAf,239470,4
22,5r35iS0uSSoQBKzQj0IeI3,Skool Luv Affair,2014-02-12,6,0JkTVcN5kilfMztDb3bKZk,Tomorrow,61,0.399,0.887,1,-2.578,0,0.201,0.00946,0.0,0.281,0.627,128.119,audio_features,0JkTVcN5kilfMztDb3bKZk,spotify:track:0JkTVcN5kilfMztDb3bKZk,https://api.spotify.com/v1/tracks/0JkTVcN5kilfMztDb3bKZk,https://api.spotify.com/v1/audio-analysis/0JkTVcN5kilfMztDb3bKZk,261575,4
23,5r35iS0uSSoQBKzQj0IeI3,Skool Luv Affair,2014-02-12,7,41eoHn3yTDYMV9hFn50ef4,BTS Cypher Pt.2: Triptych,57,0.585,0.98,5,-0.826,1,0.37,0.127,0.0,0.692,0.837,141.945,audio_features,41eoHn3yTDYMV9hFn50ef4,spotify:track:41eoHn3yTDYMV9hFn50ef4,https://api.spotify.com/v1/tracks/41eoHn3yTDYMV9hFn50ef4,https://api.spotify.com/v1/audio-analysis/41eoHn3yTDYMV9hFn50ef4,288771,4
24,5r35iS0uSSoQBKzQj0IeI3,Skool Luv Affair,2014-02-12,8,0F3Dpp18yIxIm7XRmn0LBj,Spine Breaker,64,0.679,0.927,0,-1.058,1,0.15,0.164,0.0,0.437,0.861,93.989,audio_features,0F3Dpp18yIxIm7XRmn0LBj,spotify:track:0F3Dpp18yIxIm7XRmn0LBj,https://api.spotify.com/v1/tracks/0F3Dpp18yIxIm7XRmn0LBj,https://api.spotify.com/v1/audio-analysis/0F3Dpp18yIxIm7XRmn0LBj,238530,4
25,5r35iS0uSSoQBKzQj0IeI3,Skool Luv Affair,2014-02-12,9,1jZZm43y7RPuwjJQ5LrGHe,Jump,67,0.495,0.974,7,-0.947,0,0.282,0.0349,0.0,0.44,0.763,102.077,audio_features,1jZZm43y7RPuwjJQ5LrGHe,spotify:track:1jZZm43y7RPuwjJQ5LrGHe,https://api.spotify.com/v1/tracks/1jZZm43y7RPuwjJQ5LrGHe,https://api.spotify.com/v1/audio-analysis/1jZZm43y7RPuwjJQ5LrGHe,236489,4
26,5r35iS0uSSoQBKzQj0IeI3,Skool Luv Affair,2014-02-12,10,3x0SuB95K0XewiAKwNEiMZ,Outro: Propose,56,0.397,0.847,2,-2.488,1,0.159,0.467,0.0,0.205,0.514,173.733,audio_features,3x0SuB95K0XewiAKwNEiMZ,spotify:track:3x0SuB95K0XewiAKwNEiMZ,https://api.spotify.com/v1/tracks/3x0SuB95K0XewiAKwNEiMZ,https://api.spotify.com/v1/audio-analysis/3x0SuB95K0XewiAKwNEiMZ,122514,4
27,0pX41mddl0CZXxpxkQ7347,Skool Luv Affair (Special Addition),2014-05-14,1,1ht2uYq91yLc9S6IxwiwCK,Miss Right,59,0.718,0.835,1,-4.925,1,0.213,0.371,0.0,0.0764,0.855,92.97,audio_features,1ht2uYq91yLc9S6IxwiwCK,spotify:track:1ht2uYq91yLc9S6IxwiwCK,https://api.spotify.com/v1/tracks/1ht2uYq91yLc9S6IxwiwCK,https://api.spotify.com/v1/audio-analysis/1ht2uYq91yLc9S6IxwiwCK,241375,4
28,0pX41mddl0CZXxpxkQ7347,Skool Luv Affair (Special Addition),2014-05-14,2,5OXUwFDCnmT3eUWUYVRrk9,Like - Slow Jam Remix,52,0.532,0.673,10,-5.401,1,0.185,0.336,0.0,0.159,0.653,99.712,audio_features,5OXUwFDCnmT3eUWUYVRrk9,spotify:track:5OXUwFDCnmT3eUWUYVRrk9,https://api.spotify.com/v1/tracks/5OXUwFDCnmT3eUWUYVRrk9,https://api.spotify.com/v1/audio-analysis/5OXUwFDCnmT3eUWUYVRrk9,232692,4
29,0pX41mddl0CZXxpxkQ7347,Skool Luv Affair (Special Addition),2014-05-14,3,5heidJi9Gni0QHhXStoimY,Intro: Skool Luv Affair,38,0.587,0.82,4,-2.701,0,0.428,0.0601,0.0,0.0599,0.671,93.841,audio_features,5heidJi9Gni0QHhXStoimY,spotify:track:5heidJi9Gni0QHhXStoimY,https://api.spotify.com/v1/tracks/5heidJi9Gni0QHhXStoimY,https://api.spotify.com/v1/audio-analysis/5heidJi9Gni0QHhXStoimY,178282,4
30,0pX41mddl0CZXxpxkQ7347,Skool Luv Affair (Special Addition),2014-05-14,4,1wdWWC1YzKkCWp06e0IPqH,Boy in Luv,47,0.491,0.947,0,-2.252,1,0.306,0.00261,0.0,0.34,0.474,166.236,audio_features,1wdWWC1YzKkCWp06e0IPqH,spotify:track:1wdWWC1YzKkCWp06e0IPqH,https://api.spotify.com/v1/tracks/1wdWWC1YzKkCWp06e0IPqH,https://api.spotify.com/v1/audio-analysis/1wdWWC1YzKkCWp06e0IPqH,230778,4
31,0pX41mddl0CZXxpxkQ7347,Skool Luv Affair (Special Addition),2014-05-14,5,7gP8B9DHYnZ7AynrVdhYbZ,Skit: Soulmate,36,0.633,0.285,4,-15.35,1,0.841,0.898,0.0,0.905,0.749,124.219,audio_features,7gP8B9DHYnZ7AynrVdhYbZ,spotify:track:7gP8B9DHYnZ7AynrVdhYbZ,https://api.spotify.com/v1/tracks/7gP8B9DHYnZ7AynrVdhYbZ,https://api.spotify.com/v1/audio-analysis/7gP8B9DHYnZ7AynrVdhYbZ,92791,3
32,0pX41mddl0CZXxpxkQ7347,Skool Luv Affair (Special Addition),2014-05-14,6,6gGCS5r2t5uxaeBWAPeBp2,Where You From,40,0.654,0.867,7,-1.772,1,0.313,0.432,0.0,0.0745,0.919,85.078,audio_features,6gGCS5r2t5uxaeBWAPeBp2,spotify:track:6gGCS5r2t5uxaeBWAPeBp2,https://api.spotify.com/v1/tracks/6gGCS5r2t5uxaeBWAPeBp2,https://api.spotify.com/v1/audio-analysis/6gGCS5r2t5uxaeBWAPeBp2,240107,4
33,0pX41mddl0CZXxpxkQ7347,Skool Luv Affair (Special Addition),2014-05-14,7,5oXLcjfVfq0QxIfgIHgYGn,Just One Day,48,0.685,0.713,6,-4.705,0,0.266,0.179,0.0,0.377,0.301,95.092,audio_features,5oXLcjfVfq0QxIfgIHgYGn,spotify:track:5oXLcjfVfq0QxIfgIHgYGn,https://api.spotify.com/v1/tracks/5oXLcjfVfq0QxIfgIHgYGn,https://api.spotify.com/v1/audio-analysis/5oXLcjfVfq0QxIfgIHgYGn,239470,4
34,0pX41mddl0CZXxpxkQ7347,Skool Luv Affair (Special Addition),2014-05-14,8,1LdpcTZm0Of4Nq0FsbREKO,Tomorrow,42,0.399,0.887,1,-2.578,0,0.201,0.00946,0.0,0.281,0.627,128.119,audio_features,1LdpcTZm0Of4Nq0FsbREKO,spotify:track:1LdpcTZm0Of4Nq0FsbREKO,https://api.spotify.com/v1/tracks/1LdpcTZm0Of4Nq0FsbREKO,https://api.spotify.com/v1/audio-analysis/1LdpcTZm0Of4Nq0FsbREKO,261575,4
35,0pX41mddl0CZXxpxkQ7347,Skool Luv Affair (Special Addition),2014-05-14,9,1EzaBJk1rcT3ukKRPko1s4,BTS Cypher Pt.2: Triptych,40,0.585,0.98,5,-0.826,1,0.37,0.127,0.0,0.692,0.837,141.945,audio_features,1EzaBJk1rcT3ukKRPko1s4,spotify:track:1EzaBJk1rcT3ukKRPko1s4,https://api.spotify.com/v1/tracks/1EzaBJk1rcT3ukKRPko1s4,https://api.spotify.com/v1/audio-analysis/1EzaBJk1rcT3ukKRPko1s4,288771,4
36,0pX41mddl0CZXxpxkQ7347,Skool Luv Affair (Special Addition),2014-05-14,10,1srYOWykolKZnA6SAN1GiA,Spine Breaker,44,0.679,0.927,0,-1.058,1,0.15,0.164,0.0,0.437,0.861,93.989,audio_features,1srYOWykolKZnA6SAN1GiA,spotify:track:1srYOWykolKZnA6SAN1GiA,https://api.spotify.com/v1/tracks/1srYOWykolKZnA6SAN1GiA,https://api.spotify.com/v1/audio-analysis/1srYOWykolKZnA6SAN1GiA,238530,4
37,0pX41mddl0CZXxpxkQ7347,Skool Luv Affair (Special Addition),2014-05-14,11,6bv8GUc337blg2QcskhdAJ,Jump,44,0.495,0.974,7,-0.947,0,0.282,0.0349,0.0,0.44,0.763,102.077,audio_features,6bv8GUc337blg2QcskhdAJ,spotify:track:6bv8GUc337blg2QcskhdAJ,https://api.spotify.com/v1/tracks/6bv8GUc337blg2QcskhdAJ,https://api.spotify.com/v1/audio-analysis/6bv8GUc337blg2QcskhdAJ,236489,4
38,0pX41mddl0CZXxpxkQ7347,Skool Luv Affair (Special Addition),2014-05-14,12,7EW03rmUEfPIFSxuzZQsgA,Outro: Propose,43,0.397,0.847,2,-2.488,1,0.159,0.467,0.0,0.205,0.514,173.733,audio_features,7EW03rmUEfPIFSxuzZQsgA,spotify:track:7EW03rmUEfPIFSxuzZQsgA,https://api.spotify.com/v1/tracks/7EW03rmUEfPIFSxuzZQsgA,https://api.spotify.com/v1/audio-analysis/7EW03rmUEfPIFSxuzZQsgA,122514,4
39,35voVqYGkotyJ945O9egDY,Dark & Wild,2014-08-20,1,3HhgGvmDKx13uRTkXYfcDw,Intro: What Am I to You,56,0.475,0.899,0,-2.228,1,0.292,0.426,0.0,0.366,0.568,83.821,audio_features,3HhgGvmDKx13uRTkXYfcDw,spotify:track:3HhgGvmDKx13uRTkXYfcDw,https://api.spotify.com/v1/tracks/3HhgGvmDKx13uRTkXYfcDw,https://api.spotify.com/v1/audio-analysis/3HhgGvmDKx13uRTkXYfcDw,165121,4
40,35voVqYGkotyJ945O9egDY,Dark & Wild,2014-08-20,2,0zzRxtfO5FGxKdqq4OKmlw,Danger,68,0.738,0.868,1,-3.363,1,0.0702,0.000907,0.000209,0.275,0.377,111.991,audio_features,0zzRxtfO5FGxKdqq4OKmlw,spotify:track:0zzRxtfO5FGxKdqq4OKmlw,https://api.spotify.com/v1/tracks/0zzRxtfO5FGxKdqq4OKmlw,https://api.spotify.com/v1/audio-analysis/0zzRxtfO5FGxKdqq4OKmlw,245140,4
41,35voVqYGkotyJ945O9egDY,Dark & Wild,2014-08-20,3,29SjtKzBoJDgyIBusHylIS,War of Hormone,64,0.612,0.993,9,-1.895,1,0.24,0.116,0.0,0.307,0.488,98.004,audio_features,29SjtKzBoJDgyIBusHylIS,spotify:track:29SjtKzBoJDgyIBusHylIS,https://api.spotify.com/v1/tracks/29SjtKzBoJDgyIBusHylIS,https://api.spotify.com/v1/audio-analysis/29SjtKzBoJDgyIBusHylIS,265602,4
42,35voVqYGkotyJ945O9egDY,Dark & Wild,2014-08-20,4,4c9XojqJDu7KNCh8GmNbj5,Hip Hop Phile,59,0.796,0.878,1,-3.325,1,0.185,0.171,0.0,0.234,0.795,144.0,audio_features,4c9XojqJDu7KNCh8GmNbj5,spotify:track:4c9XojqJDu7KNCh8GmNbj5,https://api.spotify.com/v1/tracks/4c9XojqJDu7KNCh8GmNbj5,https://api.spotify.com/v1/audio-analysis/4c9XojqJDu7KNCh8GmNbj5,257301,4
43,35voVqYGkotyJ945O9egDY,Dark & Wild,2014-08-20,5,2uqzfXB7NlBnhQd04W7HaH,Let Me Know,60,0.61,0.829,11,-4.84,0,0.0847,0.0111,0.0,0.0961,0.156,136.102,audio_features,2uqzfXB7NlBnhQd04W7HaH,spotify:track:2uqzfXB7NlBnhQd04W7HaH,https://api.spotify.com/v1/tracks/2uqzfXB7NlBnhQd04W7HaH,https://api.spotify.com/v1/audio-analysis/2uqzfXB7NlBnhQd04W7HaH,254973,4
44,35voVqYGkotyJ945O9egDY,Dark & Wild,2014-08-20,6,6Jr2GutTFyfvAzGA36R2Uj,Rain,62,0.703,0.851,1,-4.918,0,0.144,0.031,0.0,0.354,0.315,89.958,audio_features,6Jr2GutTFyfvAzGA36R2Uj,spotify:track:6Jr2GutTFyfvAzGA36R2Uj,https://api.spotify.com/v1/tracks/6Jr2GutTFyfvAzGA36R2Uj,https://api.spotify.com/v1/audio-analysis/6Jr2GutTFyfvAzGA36R2Uj,264667,4
45,35voVqYGkotyJ945O9egDY,Dark & Wild,2014-08-20,7,5OlieB5VdsOMuBuCtllXGW,BTS Cypher Pt.3: Killer,62,0.793,0.924,4,-3.017,0,0.321,0.0217,0.0,0.644,0.665,140.031,audio_features,5OlieB5VdsOMuBuCtllXGW,spotify:track:5OlieB5VdsOMuBuCtllXGW,https://api.spotify.com/v1/tracks/5OlieB5VdsOMuBuCtllXGW,https://api.spotify.com/v1/audio-analysis/5OlieB5VdsOMuBuCtllXGW,267783,4
46,35voVqYGkotyJ945O9egDY,Dark & Wild,2014-08-20,8,6w5nte2isfv5QLImckFD8a,Interlude: What Are You Doing Now,56,0.783,0.683,4,-5.195,1,0.0895,0.0532,0.772,0.0529,0.55,82.996,audio_features,6w5nte2isfv5QLImckFD8a,spotify:track:6w5nte2isfv5QLImckFD8a,https://api.spotify.com/v1/tracks/6w5nte2isfv5QLImckFD8a,https://api.spotify.com/v1/audio-analysis/6w5nte2isfv5QLImckFD8a,41757,4
47,35voVqYGkotyJ945O9egDY,Dark & Wild,2014-08-20,9,022wInIMcMtWRqkcpy7WwO,Could You Turn off Your Cell Phone,57,0.459,0.856,6,-4.383,0,0.232,0.152,0.0,0.08,0.917,97.027,audio_features,022wInIMcMtWRqkcpy7WwO,spotify:track:022wInIMcMtWRqkcpy7WwO,https://api.spotify.com/v1/tracks/022wInIMcMtWRqkcpy7WwO,https://api.spotify.com/v1/audio-analysis/022wInIMcMtWRqkcpy7WwO,234063,4
48,35voVqYGkotyJ945O9egDY,Dark & Wild,2014-08-20,10,3eSPLTR9JtKiT1X4sAkTg8,Embarrassed,59,0.556,0.897,2,-3.019,1,0.282,0.181,0.0,0.379,0.551,84.604,audio_features,3eSPLTR9JtKiT1X4sAkTg8,spotify:track:3eSPLTR9JtKiT1X4sAkTg8,https://api.spotify.com/v1/tracks/3eSPLTR9JtKiT1X4sAkTg8,https://api.spotify.com/v1/audio-analysis/3eSPLTR9JtKiT1X4sAkTg8,241762,4
49,35voVqYGkotyJ945O9egDY,Dark & Wild,2014-08-20,11,17SBD4aDKo9ZeahcQJ6j72,24/7=Heaven,59,0.642,0.903,2,-2.976,1,0.117,0.0635,0.0,0.33,0.573,96.068,audio_features,17SBD4aDKo9ZeahcQJ6j72,spotify:track:17SBD4aDKo9ZeahcQJ6j72,https://api.spotify.com/v1/tracks/17SBD4aDKo9ZeahcQJ6j72,https://api.spotify.com/v1/audio-analysis/17SBD4aDKo9ZeahcQJ6j72,226425,4
50,35voVqYGkotyJ945O9egDY,Dark & Wild,2014-08-20,12,0x4cMbCLC6L7aJQs3EiPaZ,Look Here,63,0.863,0.854,4,-4.564,0,0.0893,0.0418,0.00152,0.0551,0.784,119.996,audio_features,0x4cMbCLC6L7aJQs3EiPaZ,spotify:track:0x4cMbCLC6L7aJQs3EiPaZ,https://api.spotify.com/v1/tracks/0x4cMbCLC6L7aJQs3EiPaZ,https://api.spotify.com/v1/audio-analysis/0x4cMbCLC6L7aJQs3EiPaZ,218887,4
51,35voVqYGkotyJ945O9egDY,Dark & Wild,2014-08-20,13,5EdwOTiD4Vz7xEoB7jt8En,So 4 more,60,0.676,0.925,8,-2.451,1,0.111,0.00405,6.31e-06,0.279,0.798,163.952,audio_features,5EdwOTiD4Vz7xEoB7jt8En,spotify:track:5EdwOTiD4Vz7xEoB7jt8En,https://api.spotify.com/v1/tracks/5EdwOTiD4Vz7xEoB7jt8En,https://api.spotify.com/v1/audio-analysis/5EdwOTiD4Vz7xEoB7jt8En,235020,4
52,35voVqYGkotyJ945O9egDY,Dark & Wild,2014-08-20,14,0I4CicY6MftmDgdd76LXss,Outro: Do You Think It Makes Sense?,58,0.634,0.815,1,-4.324,1,0.0409,0.0714,0.0,0.146,0.553,103.041,audio_features,0I4CicY6MftmDgdd76LXss,spotify:track:0I4CicY6MftmDgdd76LXss,https://api.spotify.com/v1/tracks/0I4CicY6MftmDgdd76LXss,https://api.spotify.com/v1/audio-analysis/0I4CicY6MftmDgdd76LXss,172658,4
53,0mEeCuKJQ8Xh9tQ5dMm89X,The Most Beautiful Moment in Life Pt.1,2015-04-29,1,7HhZAKSvFWz4bT5jsZLPeq,Intro: The Most Beautiful Moment in Life,53,0.36,0.97,0,-4.422,0,0.535,0.236,0.0,0.074,0.257,87.12,audio_features,7HhZAKSvFWz4bT5jsZLPeq,spotify:track:7HhZAKSvFWz4bT5jsZLPeq,https://api.spotify.com/v1/tracks/7HhZAKSvFWz4bT5jsZLPeq,https://api.spotify.com/v1/audio-analysis/7HhZAKSvFWz4bT5jsZLPeq,123033,1
54,0mEeCuKJQ8Xh9tQ5dMm89X,The Most Beautiful Moment in Life Pt.1,2015-04-29,2,3wQnyXNFXNUEOBt1pb4urq,I Need U,70,0.478,0.88,5,-3.097,0,0.0739,0.0213,0.0,0.24,0.707,158.356,audio_features,3wQnyXNFXNUEOBt1pb4urq,spotify:track:3wQnyXNFXNUEOBt1pb4urq,https://api.spotify.com/v1/tracks/3wQnyXNFXNUEOBt1pb4urq,https://api.spotify.com/v1/audio-analysis/3wQnyXNFXNUEOBt1pb4urq,210987,4
55,0mEeCuKJQ8Xh9tQ5dMm89X,The Most Beautiful Moment in Life Pt.1,2015-04-29,3,2SKBwYW23iHoB7CrYSeyC9,Hold Me Tight,65,0.622,0.728,6,-5.111,1,0.286,0.0511,0.0,0.171,0.394,139.994,audio_features,2SKBwYW23iHoB7CrYSeyC9,spotify:track:2SKBwYW23iHoB7CrYSeyC9,https://api.spotify.com/v1/tracks/2SKBwYW23iHoB7CrYSeyC9,https://api.spotify.com/v1/audio-analysis/2SKBwYW23iHoB7CrYSeyC9,274992,4
56,0mEeCuKJQ8Xh9tQ5dMm89X,The Most Beautiful Moment in Life Pt.1,2015-04-29,4,2giNwwft9s8E5Or8N0olgc,Skit: Expectation!,42,0.635,0.167,9,-21.117,0,0.665,0.893,0.0,0.501,0.712,100.544,audio_features,2giNwwft9s8E5Or8N0olgc,spotify:track:2giNwwft9s8E5Or8N0olgc,https://api.spotify.com/v1/tracks/2giNwwft9s8E5Or8N0olgc,https://api.spotify.com/v1/audio-analysis/2giNwwft9s8E5Or8N0olgc,147694,3
57,0mEeCuKJQ8Xh9tQ5dMm89X,The Most Beautiful Moment in Life Pt.1,2015-04-29,5,7jPCPDYoiaKeK7cgNGpIzq,Dope,71,0.595,0.89,10,-3.109,0,0.245,0.0486,0.0,0.32,0.62,154.071,audio_features,7jPCPDYoiaKeK7cgNGpIzq,spotify:track:7jPCPDYoiaKeK7cgNGpIzq,https://api.spotify.com/v1/tracks/7jPCPDYoiaKeK7cgNGpIzq,https://api.spotify.com/v1/audio-analysis/7jPCPDYoiaKeK7cgNGpIzq,240021,4
58,0mEeCuKJQ8Xh9tQ5dMm89X,The Most Beautiful Moment in Life Pt.1,2015-04-29,6,1sz4drpDPpHVrPUgnXGaNn,Boyz with Fun,66,0.704,0.96,1,-2.606,0,0.192,0.0808,0.0,0.383,0.751,116.024,audio_features,1sz4drpDPpHVrPUgnXGaNn,spotify:track:1sz4drpDPpHVrPUgnXGaNn,https://api.spotify.com/v1/tracks/1sz4drpDPpHVrPUgnXGaNn,https://api.spotify.com/v1/audio-analysis/1sz4drpDPpHVrPUgnXGaNn,244156,4
59,0mEeCuKJQ8Xh9tQ5dMm89X,The Most Beautiful Moment in Life Pt.1,2015-04-29,7,6ZITsss1URNOIKhniylpBP,Converse High,62,0.724,0.793,1,-3.982,1,0.0895,0.0597,0.0,0.201,0.817,98.003,audio_features,6ZITsss1URNOIKhniylpBP,spotify:track:6ZITsss1URNOIKhniylpBP,https://api.spotify.com/v1/tracks/6ZITsss1URNOIKhniylpBP,https://api.spotify.com/v1/audio-analysis/6ZITsss1URNOIKhniylpBP,209715,4
60,0mEeCuKJQ8Xh9tQ5dMm89X,The Most Beautiful Moment in Life Pt.1,2015-04-29,8,0jo4304s0u51JHHCv7it9K,Moving On,58,0.684,0.914,0,-3.199,1,0.204,0.0128,0.0,0.0543,0.929,159.996,audio_features,0jo4304s0u51JHHCv7it9K,spotify:track:0jo4304s0u51JHHCv7it9K,https://api.spotify.com/v1/tracks/0jo4304s0u51JHHCv7it9K,https://api.spotify.com/v1/audio-analysis/0jo4304s0u51JHHCv7it9K,292569,4
61,0mEeCuKJQ8Xh9tQ5dMm89X,The Most Beautiful Moment in Life Pt.1,2015-04-29,9,0hwev90tfswBoZmgKnJ9F8,Outro: Love Is Not Over,56,0.719,0.335,2,-8.085,1,0.06,0.632,0.0,0.131,0.218,105.062,audio_features,0hwev90tfswBoZmgKnJ9F8,spotify:track:0hwev90tfswBoZmgKnJ9F8,https://api.spotify.com/v1/tracks/0hwev90tfswBoZmgKnJ9F8,https://api.spotify.com/v1/audio-analysis/0hwev90tfswBoZmgKnJ9F8,143863,4
62,2ds8iT4wkaN1Q1gZe1qcOD,The Most Beautiful Moment in Life Pt.2,2015-11-30,1,6JbPyMiLnWaaKusic64bCq,Intro: Never Mind,54,0.339,0.949,6,-4.942,0,0.904,0.00765,0.0,0.329,0.397,79.956,audio_features,6JbPyMiLnWaaKusic64bCq,spotify:track:6JbPyMiLnWaaKusic64bCq,https://api.spotify.com/v1/tracks/6JbPyMiLnWaaKusic64bCq,https://api.spotify.com/v1/audio-analysis/6JbPyMiLnWaaKusic64bCq,136428,4
63,2ds8iT4wkaN1Q1gZe1qcOD,The Most Beautiful Moment in Life Pt.2,2015-11-30,2,3G1aAxWS2Nd17FQs4PWV6X,Run,68,0.554,0.878,11,-3.02,0,0.0513,0.00146,0.0,0.0998,0.55,132.896,audio_features,3G1aAxWS2Nd17FQs4PWV6X,spotify:track:3G1aAxWS2Nd17FQs4PWV6X,https://api.spotify.com/v1/tracks/3G1aAxWS2Nd17FQs4PWV6X,https://api.spotify.com/v1/audio-analysis/3G1aAxWS2Nd17FQs4PWV6X,236748,4
64,2ds8iT4wkaN1Q1gZe1qcOD,The Most Beautiful Moment in Life Pt.2,2015-11-30,3,3bjg5cbmuwDoS7e2dAWyRG,Butterfly,70,0.461,0.776,6,-4.498,1,0.0565,0.0149,0.0,0.12,0.291,149.985,audio_features,3bjg5cbmuwDoS7e2dAWyRG,spotify:track:3bjg5cbmuwDoS7e2dAWyRG,https://api.spotify.com/v1/tracks/3bjg5cbmuwDoS7e2dAWyRG,https://api.spotify.com/v1/audio-analysis/3bjg5cbmuwDoS7e2dAWyRG,238862,4
65,2ds8iT4wkaN1Q1gZe1qcOD,The Most Beautiful Moment in Life Pt.2,2015-11-30,4,1otHp4s8IRCLn1JZcVrNhz,Whalien 52,61,0.585,0.93,10,-2.707,0,0.241,0.0992,2.54e-06,0.345,0.735,90.03,audio_features,1otHp4s8IRCLn1JZcVrNhz,spotify:track:1otHp4s8IRCLn1JZcVrNhz,https://api.spotify.com/v1/tracks/1otHp4s8IRCLn1JZcVrNhz,https://api.spotify.com/v1/audio-analysis/1otHp4s8IRCLn1JZcVrNhz,243222,4
66,2ds8iT4wkaN1Q1gZe1qcOD,The Most Beautiful Moment in Life Pt.2,2015-11-30,5,2wm3oZ5IzWz5tVyo3gFIJq,Ma City,61,0.668,0.967,6,-2.192,0,0.0957,0.000266,0.0,0.0777,0.807,122.007,audio_features,2wm3oZ5IzWz5tVyo3gFIJq,spotify:track:2wm3oZ5IzWz5tVyo3gFIJq,https://api.spotify.com/v1/tracks/2wm3oZ5IzWz5tVyo3gFIJq,https://api.spotify.com/v1/audio-analysis/2wm3oZ5IzWz5tVyo3gFIJq,256687,4
67,2ds8iT4wkaN1Q1gZe1qcOD,The Most Beautiful Moment in Life Pt.2,2015-11-30,6,6O734u9qnz6B4gWMyszWhi,Silver Spoon,72,0.65,0.879,9,-2.886,1,0.073,0.00104,0.0,0.0483,0.536,166.895,audio_features,6O734u9qnz6B4gWMyszWhi,spotify:track:6O734u9qnz6B4gWMyszWhi,https://api.spotify.com/v1/tracks/6O734u9qnz6B4gWMyszWhi,https://api.spotify.com/v1/audio-analysis/6O734u9qnz6B4gWMyszWhi,233160,4
68,2ds8iT4wkaN1Q1gZe1qcOD,The Most Beautiful Moment in Life Pt.2,2015-11-30,7,0DaHIESJEC4d0RRpwbgcau,Skit: One Night in a Strange City,42,0.575,0.499,3,-11.552,1,0.936,0.772,0.0,0.42,0.667,160.296,audio_features,0DaHIESJEC4d0RRpwbgcau,spotify:track:0DaHIESJEC4d0RRpwbgcau,https://api.spotify.com/v1/tracks/0DaHIESJEC4d0RRpwbgcau,https://api.spotify.com/v1/audio-analysis/0DaHIESJEC4d0RRpwbgcau,263130,4
69,2ds8iT4wkaN1Q1gZe1qcOD,The Most Beautiful Moment in Life Pt.2,2015-11-30,8,158kubraiqKrcYpRsDHrBU,Autumn Leaves,64,0.619,0.804,10,-3.301,0,0.0424,0.0135,0.0,0.127,0.314,104.978,audio_features,158kubraiqKrcYpRsDHrBU,spotify:track:158kubraiqKrcYpRsDHrBU,https://api.spotify.com/v1/tracks/158kubraiqKrcYpRsDHrBU,https://api.spotify.com/v1/audio-analysis/158kubraiqKrcYpRsDHrBU,267151,4
70,2ds8iT4wkaN1Q1gZe1qcOD,The Most Beautiful Moment in Life Pt.2,2015-11-30,9,2cy3eWaTBoOFJwtFMR6jKb,Outro: House of Cards,57,0.37,0.652,2,-4.717,1,0.0402,0.4,0.0,0.129,0.265,104.162,audio_features,2cy3eWaTBoOFJwtFMR6jKb,spotify:track:2cy3eWaTBoOFJwtFMR6jKb,https://api.spotify.com/v1/tracks/2cy3eWaTBoOFJwtFMR6jKb,https://api.spotify.com/v1/audio-analysis/2cy3eWaTBoOFJwtFMR6jKb,177414,4
71,1k5bJ8l5oL5xxVBVHjil09,The Most Beautiful Moment in Life: Young Forever,2016-05-02,1,2C4AmTAKoJQgfMDXFasXcY,Intro: The Most Beautiful Moment in Life,44,0.494,0.97,7,-3.513,0,0.444,0.205,0.0,0.0692,0.23,92.56,audio_features,2C4AmTAKoJQgfMDXFasXcY,spotify:track:2C4AmTAKoJQgfMDXFasXcY,https://api.spotify.com/v1/tracks/2C4AmTAKoJQgfMDXFasXcY,https://api.spotify.com/v1/audio-analysis/2C4AmTAKoJQgfMDXFasXcY,124739,4
72,1k5bJ8l5oL5xxVBVHjil09,The Most Beautiful Moment in Life: Young Forever,2016-05-02,2,6EWoLZ6n26bF3Cl9Hq3pqv,I Need U,54,0.485,0.897,5,-2.383,0,0.0678,0.0184,0.0,0.296,0.649,78.851,audio_features,6EWoLZ6n26bF3Cl9Hq3pqv,spotify:track:6EWoLZ6n26bF3Cl9Hq3pqv,https://api.spotify.com/v1/tracks/6EWoLZ6n26bF3Cl9Hq3pqv,https://api.spotify.com/v1/audio-analysis/6EWoLZ6n26bF3Cl9Hq3pqv,210577,4
73,1k5bJ8l5oL5xxVBVHjil09,The Most Beautiful Moment in Life: Young Forever,2016-05-02,3,7gnIQ7K1TBbIvhVrR4c4gI,Hold Me Tight,48,0.64,0.799,6,-4.673,1,0.262,0.0155,4.4e-06,0.218,0.376,139.962,audio_features,7gnIQ7K1TBbIvhVrR4c4gI,spotify:track:7gnIQ7K1TBbIvhVrR4c4gI,https://api.spotify.com/v1/tracks/7gnIQ7K1TBbIvhVrR4c4gI,https://api.spotify.com/v1/audio-analysis/7gnIQ7K1TBbIvhVrR4c4gI,273992,4
74,1k5bJ8l5oL5xxVBVHjil09,The Most Beautiful Moment in Life: Young Forever,2016-05-02,4,0S6rA2IKknGGsyZNEkwRJB,Autumn Leaves,47,0.625,0.799,10,-3.54,0,0.0427,0.0108,0.0,0.144,0.316,105.007,audio_features,0S6rA2IKknGGsyZNEkwRJB,spotify:track:0S6rA2IKknGGsyZNEkwRJB,https://api.spotify.com/v1/tracks/0S6rA2IKknGGsyZNEkwRJB,https://api.spotify.com/v1/audio-analysis/0S6rA2IKknGGsyZNEkwRJB,267151,4
75,1k5bJ8l5oL5xxVBVHjil09,The Most Beautiful Moment in Life: Young Forever,2016-05-02,5,0XwvxY5yMRI7vh55eBRe3B,Butterfly - Prologue Mix,56,0.373,0.541,1,-6.451,1,0.0526,0.0446,0.001,0.0909,0.134,69.98,audio_features,0XwvxY5yMRI7vh55eBRe3B,spotify:track:0XwvxY5yMRI7vh55eBRe3B,https://api.spotify.com/v1/tracks/0XwvxY5yMRI7vh55eBRe3B,https://api.spotify.com/v1/audio-analysis/0XwvxY5yMRI7vh55eBRe3B,295128,4
76,1k5bJ8l5oL5xxVBVHjil09,The Most Beautiful Moment in Life: Young Forever,2016-05-02,6,0RElgFnZjIZ0hLlO4WY14R,Run,51,0.577,0.878,6,-2.935,0,0.0442,0.00164,0.0,0.0892,0.514,132.943,audio_features,0RElgFnZjIZ0hLlO4WY14R,spotify:track:0RElgFnZjIZ0hLlO4WY14R,https://api.spotify.com/v1/tracks/0RElgFnZjIZ0hLlO4WY14R,https://api.spotify.com/v1/audio-analysis/0RElgFnZjIZ0hLlO4WY14R,236334,4
77,1k5bJ8l5oL5xxVBVHjil09,The Most Beautiful Moment in Life: Young Forever,2016-05-02,7,612T32kWgsXgsJ5gl8KXpN,Ma City,47,0.678,0.97,6,-2.155,0,0.0989,0.000264,0.0,0.0548,0.783,122.017,audio_features,612T32kWgsXgsJ5gl8KXpN,spotify:track:612T32kWgsXgsJ5gl8KXpN,https://api.spotify.com/v1/tracks/612T32kWgsXgsJ5gl8KXpN,https://api.spotify.com/v1/audio-analysis/612T32kWgsXgsJ5gl8KXpN,256840,4
78,1k5bJ8l5oL5xxVBVHjil09,The Most Beautiful Moment in Life: Young Forever,2016-05-02,8,5PRJlVG1c2JNa85mFoGARM,Silver Spoon,53,0.649,0.875,9,-2.88,1,0.0702,0.00128,0.0,0.0486,0.557,166.925,audio_features,5PRJlVG1c2JNa85mFoGARM,spotify:track:5PRJlVG1c2JNa85mFoGARM,https://api.spotify.com/v1/tracks/5PRJlVG1c2JNa85mFoGARM,https://api.spotify.com/v1/audio-analysis/5PRJlVG1c2JNa85mFoGARM,233185,4
79,1k5bJ8l5oL5xxVBVHjil09,The Most Beautiful Moment in Life: Young Forever,2016-05-02,9,4o3Ao6wY5fbJR32fQKabfQ,Dope,54,0.579,0.896,10,-2.781,0,0.225,0.0272,1.02e-06,0.352,0.678,153.991,audio_features,4o3Ao6wY5fbJR32fQKabfQ,spotify:track:4o3Ao6wY5fbJR32fQKabfQ,https://api.spotify.com/v1/tracks/4o3Ao6wY5fbJR32fQKabfQ,https://api.spotify.com/v1/audio-analysis/4o3Ao6wY5fbJR32fQKabfQ,240021,4
80,1k5bJ8l5oL5xxVBVHjil09,The Most Beautiful Moment in Life: Young Forever,2016-05-02,10,0aE3V0zgSD2YwkEHW42gxG,Burning Up (Fire),72,0.626,0.706,10,-3.201,0,0.0596,0.00225,0.0,0.122,0.534,99.939,audio_features,0aE3V0zgSD2YwkEHW42gxG,spotify:track:0aE3V0zgSD2YwkEHW42gxG,https://api.spotify.com/v1/tracks/0aE3V0zgSD2YwkEHW42gxG,https://api.spotify.com/v1/audio-analysis/0aE3V0zgSD2YwkEHW42gxG,203352,4
81,1k5bJ8l5oL5xxVBVHjil09,The Most Beautiful Moment in Life: Young Forever,2016-05-02,11,7bxGcILuAjkZzaveU28ZJS,Save Me,71,0.613,0.822,1,-3.48,1,0.062,0.0269,0.0,0.0783,0.54,139.936,audio_features,7bxGcILuAjkZzaveU28ZJS,spotify:track:7bxGcILuAjkZzaveU28ZJS,https://api.spotify.com/v1/tracks/7bxGcILuAjkZzaveU28ZJS,https://api.spotify.com/v1/audio-analysis/7bxGcILuAjkZzaveU28ZJS,196506,4
82,1k5bJ8l5oL5xxVBVHjil09,The Most Beautiful Moment in Life: Young Forever,2016-05-02,12,6BskTMfDjXVzeqQHOau5Vi,Epilogue: Young Forever,66,0.606,0.815,5,-3.818,0,0.232,0.04,0.0,0.119,0.386,88.054,audio_features,6BskTMfDjXVzeqQHOau5Vi,spotify:track:6BskTMfDjXVzeqQHOau5Vi,https://api.spotify.com/v1/tracks/6BskTMfDjXVzeqQHOau5Vi,https://api.spotify.com/v1/audio-analysis/6BskTMfDjXVzeqQHOau5Vi,171803,4
83,1k5bJ8l5oL5xxVBVHjil09,The Most Beautiful Moment in Life: Young Forever,2016-05-02,1,4XtvJ78i5yI5QigVHuxWZt,Converse High,47,0.72,0.803,1,-3.67,1,0.0963,0.0245,0.0,0.2,0.804,97.999,audio_features,4XtvJ78i5yI5QigVHuxWZt,spotify:track:4XtvJ78i5yI5QigVHuxWZt,https://api.spotify.com/v1/tracks/4XtvJ78i5yI5QigVHuxWZt,https://api.spotify.com/v1/audio-analysis/4XtvJ78i5yI5QigVHuxWZt,210222,4
84,1k5bJ8l5oL5xxVBVHjil09,The Most Beautiful Moment in Life: Young Forever,2016-05-02,2,7j8YcE2SKZoLkeLL0qMvkH,Moving On,44,0.68,0.926,0,-2.551,1,0.162,0.00223,1.03e-05,0.0905,0.936,159.959,audio_features,7j8YcE2SKZoLkeLL0qMvkH,spotify:track:7j8YcE2SKZoLkeLL0qMvkH,https://api.spotify.com/v1/tracks/7j8YcE2SKZoLkeLL0qMvkH,https://api.spotify.com/v1/audio-analysis/7j8YcE2SKZoLkeLL0qMvkH,292519,4
85,1k5bJ8l5oL5xxVBVHjil09,The Most Beautiful Moment in Life: Young Forever,2016-05-02,3,2HMVg8AqrijDGKu0U5bVNH,Whalien 52,45,0.572,0.937,10,-2.569,0,0.28,0.0866,1.55e-05,0.342,0.771,90.021,audio_features,2HMVg8AqrijDGKu0U5bVNH,spotify:track:2HMVg8AqrijDGKu0U5bVNH,https://api.spotify.com/v1/tracks/2HMVg8AqrijDGKu0U5bVNH,https://api.spotify.com/v1/audio-analysis/2HMVg8AqrijDGKu0U5bVNH,243553,4
86,1k5bJ8l5oL5xxVBVHjil09,The Most Beautiful Moment in Life: Young Forever,2016-05-02,4,2QP1vvLPtAVOVAFabpqypA,Butterfly,47,0.439,0.747,6,-4.583,1,0.0535,0.0107,0.0,0.101,0.275,149.786,audio_features,2QP1vvLPtAVOVAFabpqypA,spotify:track:2QP1vvLPtAVOVAFabpqypA,https://api.spotify.com/v1/tracks/2QP1vvLPtAVOVAFabpqypA,https://api.spotify.com/v1/audio-analysis/2QP1vvLPtAVOVAFabpqypA,240091,4
87,1k5bJ8l5oL5xxVBVHjil09,The Most Beautiful Moment in Life: Young Forever,2016-05-02,5,6S2gYweMmT6xygVh5q3QLa,House of Cards - Full Length Edition,68,0.367,0.668,2,-4.484,0,0.052,0.336,0.0,0.147,0.384,104.961,audio_features,6S2gYweMmT6xygVh5q3QLa,spotify:track:6S2gYweMmT6xygVh5q3QLa,https://api.spotify.com/v1/tracks/6S2gYweMmT6xygVh5q3QLa,https://api.spotify.com/v1/audio-analysis/6S2gYweMmT6xygVh5q3QLa,226212,4
88,1k5bJ8l5oL5xxVBVHjil09,The Most Beautiful Moment in Life: Young Forever,2016-05-02,6,12MGUs7yIus6sU09ekZMjw,Love Is Not Over - Full Length Edition,60,0.462,0.576,2,-5.089,1,0.0831,0.124,0.0,0.127,0.278,102.972,audio_features,12MGUs7yIus6sU09ekZMjw,spotify:track:12MGUs7yIus6sU09ekZMjw,https://api.spotify.com/v1/tracks/12MGUs7yIus6sU09ekZMjw,https://api.spotify.com/v1/audio-analysis/12MGUs7yIus6sU09ekZMjw,221620,4
89,1k5bJ8l5oL5xxVBVHjil09,The Most Beautiful Moment in Life: Young Forever,2016-05-02,7,0avGJHXsqHQfFloHTCbcwb,I Need U - Urban Mix,51,0.56,0.814,5,-3.603,0,0.0688,0.108,0.0,0.188,0.532,74.01,audio_features,0avGJHXsqHQfFloHTCbcwb,spotify:track:0avGJHXsqHQfFloHTCbcwb,https://api.spotify.com/v1/tracks/0avGJHXsqHQfFloHTCbcwb,https://api.spotify.com/v1/audio-analysis/0avGJHXsqHQfFloHTCbcwb,215189,4
90,1k5bJ8l5oL5xxVBVHjil09,The Most Beautiful Moment in Life: Young Forever,2016-05-02,8,4pzjU0AnZa6Vfphk292e9Q,I Need U - Remix,46,0.519,0.918,5,-2.838,0,0.208,0.00258,3.55e-06,0.448,0.49,158.052,audio_features,4pzjU0AnZa6Vfphk292e9Q,spotify:track:4pzjU0AnZa6Vfphk292e9Q,https://api.spotify.com/v1/tracks/4pzjU0AnZa6Vfphk292e9Q,https://api.spotify.com/v1/audio-analysis/4pzjU0AnZa6Vfphk292e9Q,223013,4
91,1k5bJ8l5oL5xxVBVHjil09,The Most Beautiful Moment in Life: Young Forever,2016-05-02,9,4NNpKLaoOEeYi78vQDb3lB,Run - Ballad Mix,52,0.568,0.775,6,-3.188,0,0.0361,0.0311,0.0,0.379,0.595,128.019,audio_features,4NNpKLaoOEeYi78vQDb3lB,spotify:track:4NNpKLaoOEeYi78vQDb3lB,https://api.spotify.com/v1/tracks/4NNpKLaoOEeYi78vQDb3lB,https://api.spotify.com/v1/audio-analysis/4NNpKLaoOEeYi78vQDb3lB,257000,4
92,1k5bJ8l5oL5xxVBVHjil09,The Most Beautiful Moment in Life: Young Forever,2016-05-02,10,4ou8XX6AM0XFVjWFuzllWP,Run - Alternative Mix,46,0.595,0.87,6,-3.086,0,0.0321,0.000183,3.94e-05,0.371,0.586,132.99,audio_features,4ou8XX6AM0XFVjWFuzllWP,spotify:track:4ou8XX6AM0XFVjWFuzllWP,https://api.spotify.com/v1/tracks/4ou8XX6AM0XFVjWFuzllWP,https://api.spotify.com/v1/audio-analysis/4ou8XX6AM0XFVjWFuzllWP,236437,4
93,1k5bJ8l5oL5xxVBVHjil09,The Most Beautiful Moment in Life: Young Forever,2016-05-02,11,0G0UoEFLum7ZPJxbmMbhPf,Butterfly - Alternative Mix,47,0.345,0.717,6,-4.6,1,0.0479,0.00633,0.0,0.149,0.209,149.541,audio_features,0G0UoEFLum7ZPJxbmMbhPf,spotify:track:0G0UoEFLum7ZPJxbmMbhPf,https://api.spotify.com/v1/tracks/0G0UoEFLum7ZPJxbmMbhPf,https://api.spotify.com/v1/audio-analysis/0G0UoEFLum7ZPJxbmMbhPf,241144,4
94,1vhNGBTFoaSTLbHjPGFIlF,Wings,2016-10-10,1,1hlT8F0X27uf3fpOWawjbY,Intro: Boy Meets Evil,62,0.573,0.89,5,-3.53,0,0.214,0.0212,0.0,0.132,0.242,130.251,audio_features,1hlT8F0X27uf3fpOWawjbY,spotify:track:1hlT8F0X27uf3fpOWawjbY,https://api.spotify.com/v1/tracks/1hlT8F0X27uf3fpOWawjbY,https://api.spotify.com/v1/audio-analysis/1hlT8F0X27uf3fpOWawjbY,121771,4
95,1vhNGBTFoaSTLbHjPGFIlF,Wings,2016-10-10,2,2u54HNQamwFuOMLSuhSRom,Blood Sweat & Tears,75,0.584,0.885,0,-3.571,0,0.104,0.0244,0.0,0.357,0.605,92.9,audio_features,2u54HNQamwFuOMLSuhSRom,spotify:track:2u54HNQamwFuOMLSuhSRom,https://api.spotify.com/v1/tracks/2u54HNQamwFuOMLSuhSRom,https://api.spotify.com/v1/audio-analysis/2u54HNQamwFuOMLSuhSRom,217052,4
96,1vhNGBTFoaSTLbHjPGFIlF,Wings,2016-10-10,3,0bGJHUPR6ems9tzIljlPFR,Begin,66,0.566,0.842,9,-5.222,0,0.0442,0.00357,0.000253,0.141,0.308,131.05,audio_features,0bGJHUPR6ems9tzIljlPFR,spotify:track:0bGJHUPR6ems9tzIljlPFR,https://api.spotify.com/v1/tracks/0bGJHUPR6ems9tzIljlPFR,https://api.spotify.com/v1/audio-analysis/0bGJHUPR6ems9tzIljlPFR,229740,4
97,1vhNGBTFoaSTLbHjPGFIlF,Wings,2016-10-10,4,1nWB8isqs2tviWk20G5pow,Lie,71,0.541,0.779,6,-5.581,0,0.033,0.00338,0.0,0.177,0.501,94.069,audio_features,1nWB8isqs2tviWk20G5pow,spotify:track:1nWB8isqs2tviWk20G5pow,https://api.spotify.com/v1/tracks/1nWB8isqs2tviWk20G5pow,https://api.spotify.com/v1/audio-analysis/1nWB8isqs2tviWk20G5pow,215753,3
98,1vhNGBTFoaSTLbHjPGFIlF,Wings,2016-10-10,5,3LTwMQ9kkn5VVhP3jipBlR,Stigma,67,0.566,0.475,0,-5.556,0,0.089,0.148,0.0,0.139,0.335,136.442,audio_features,3LTwMQ9kkn5VVhP3jipBlR,spotify:track:3LTwMQ9kkn5VVhP3jipBlR,https://api.spotify.com/v1/tracks/3LTwMQ9kkn5VVhP3jipBlR,https://api.spotify.com/v1/audio-analysis/3LTwMQ9kkn5VVhP3jipBlR,216063,4
99,1vhNGBTFoaSTLbHjPGFIlF,Wings,2016-10-10,6,1UeVC9gDeHxwlWOQyQJerj,First Love,59,0.545,0.74,8,-5.997,0,0.308,0.364,0.0,0.164,0.671,86.842,audio_features,1UeVC9gDeHxwlWOQyQJerj,spotify:track:1UeVC9gDeHxwlWOQyQJerj,https://api.spotify.com/v1/tracks/1UeVC9gDeHxwlWOQyQJerj,https://api.spotify.com/v1/audio-analysis/1UeVC9gDeHxwlWOQyQJerj,189795,4
100,1vhNGBTFoaSTLbHjPGFIlF,Wings,2016-10-10,7,6O7358UPKsUumzjumFxVtp,Reflection,57,0.555,0.607,2,-7.991,1,0.085,0.0135,1.59e-06,0.2,0.273,73.997,audio_features,6O7358UPKsUumzjumFxVtp,spotify:track:6O7358UPKsUumzjumFxVtp,https://api.spotify.com/v1/tracks/6O7358UPKsUumzjumFxVtp,https://api.spotify.com/v1/audio-analysis/6O7358UPKsUumzjumFxVtp,233917,4
101,1vhNGBTFoaSTLbHjPGFIlF,Wings,2016-10-10,8,51hIGgLnT8s6gEzjVqKlEF,MAMA,59,0.543,0.739,5,-4.818,0,0.232,0.000226,2.14e-05,0.0816,0.466,185.832,audio_features,51hIGgLnT8s6gEzjVqKlEF,spotify:track:51hIGgLnT8s6gEzjVqKlEF,https://api.spotify.com/v1/tracks/51hIGgLnT8s6gEzjVqKlEF,https://api.spotify.com/v1/audio-analysis/51hIGgLnT8s6gEzjVqKlEF,212275,4
102,1vhNGBTFoaSTLbHjPGFIlF,Wings,2016-10-10,9,3gxNkvcP8scSzL6mGznTn3,Awake,66,0.35,0.498,3,-6.589,1,0.0332,0.023,1.99e-06,0.269,0.34,142.803,audio_features,3gxNkvcP8scSzL6mGznTn3,spotify:track:3gxNkvcP8scSzL6mGznTn3,https://api.spotify.com/v1/tracks/3gxNkvcP8scSzL6mGznTn3,https://api.spotify.com/v1/audio-analysis/3gxNkvcP8scSzL6mGznTn3,226161,4
103,1vhNGBTFoaSTLbHjPGFIlF,Wings,2016-10-10,10,2So2zLatKtnIP0cy3a4Fn0,Lost,63,0.547,0.838,9,-4.157,0,0.0544,0.000374,0.0,0.0562,0.47,85.018,audio_features,2So2zLatKtnIP0cy3a4Fn0,spotify:track:2So2zLatKtnIP0cy3a4Fn0,https://api.spotify.com/v1/tracks/2So2zLatKtnIP0cy3a4Fn0,https://api.spotify.com/v1/audio-analysis/2So2zLatKtnIP0cy3a4Fn0,241787,4
104,1vhNGBTFoaSTLbHjPGFIlF,Wings,2016-10-10,11,4cTSnpyaIR1qGaTOLJunDM,BTS Cypher 4,67,0.817,0.797,1,-4.395,0,0.0839,0.00533,7.77e-06,0.0551,0.361,119.978,audio_features,4cTSnpyaIR1qGaTOLJunDM,spotify:track:4cTSnpyaIR1qGaTOLJunDM,https://api.spotify.com/v1/tracks/4cTSnpyaIR1qGaTOLJunDM,https://api.spotify.com/v1/audio-analysis/4cTSnpyaIR1qGaTOLJunDM,294463,4
105,1vhNGBTFoaSTLbHjPGFIlF,Wings,2016-10-10,12,7BFVLQASwcGrxEPsz1teIW,Am I Wrong,59,0.76,0.834,6,-4.992,1,0.0494,0.00125,1.07e-05,0.0868,0.679,107.988,audio_features,7BFVLQASwcGrxEPsz1teIW,spotify:track:7BFVLQASwcGrxEPsz1teIW,https://api.spotify.com/v1/tracks/7BFVLQASwcGrxEPsz1teIW,https://api.spotify.com/v1/audio-analysis/7BFVLQASwcGrxEPsz1teIW,213082,4
106,1vhNGBTFoaSTLbHjPGFIlF,Wings,2016-10-10,13,52d5NT69mkmr6WzvQJ9vHr,21st Century Girl,67,0.716,0.906,2,-3.539,1,0.0719,0.00424,0.0,0.0547,0.763,101.029,audio_features,52d5NT69mkmr6WzvQJ9vHr,spotify:track:52d5NT69mkmr6WzvQJ9vHr,https://api.spotify.com/v1/tracks/52d5NT69mkmr6WzvQJ9vHr,https://api.spotify.com/v1/audio-analysis/52d5NT69mkmr6WzvQJ9vHr,192597,4
107,1vhNGBTFoaSTLbHjPGFIlF,Wings,2016-10-10,14,3KVOfGrYVjoP1w8T2HVltm,2! 3!,64,0.442,0.928,7,-4.096,1,0.207,0.0257,0.0,0.1,0.601,169.847,audio_features,3KVOfGrYVjoP1w8T2HVltm,spotify:track:3KVOfGrYVjoP1w8T2HVltm,https://api.spotify.com/v1/tracks/3KVOfGrYVjoP1w8T2HVltm,https://api.spotify.com/v1/audio-analysis/3KVOfGrYVjoP1w8T2HVltm,272537,4
108,1vhNGBTFoaSTLbHjPGFIlF,Wings,2016-10-10,15,6dNOlenVY8vp29pkMZOd7c,Interlude: Wings,59,0.638,0.851,11,-3.042,0,0.0663,0.0102,0.0,0.114,0.6,124.992,audio_features,6dNOlenVY8vp29pkMZOd7c,spotify:track:6dNOlenVY8vp29pkMZOd7c,https://api.spotify.com/v1/tracks/6dNOlenVY8vp29pkMZOd7c,https://api.spotify.com/v1/audio-analysis/6dNOlenVY8vp29pkMZOd7c,144314,4
109,6THpewjqJ15ORBJkh5CEYb,You Never Walk Alone,2017-02-13,1,2j9ipQhjMruvvqN2azJgtF,Intro: Boy Meets Evil,49,0.573,0.89,5,-3.53,0,0.214,0.0212,0.0,0.132,0.242,130.251,audio_features,2j9ipQhjMruvvqN2azJgtF,spotify:track:2j9ipQhjMruvvqN2azJgtF,https://api.spotify.com/v1/tracks/2j9ipQhjMruvvqN2azJgtF,https://api.spotify.com/v1/audio-analysis/2j9ipQhjMruvvqN2azJgtF,121771,4
110,6THpewjqJ15ORBJkh5CEYb,You Never Walk Alone,2017-02-13,2,0Yqr9qtmhjYPUtsFB04g9R,Blood Sweat & Tears,53,0.584,0.885,0,-3.571,0,0.104,0.0244,0.0,0.357,0.605,92.9,audio_features,0Yqr9qtmhjYPUtsFB04g9R,spotify:track:0Yqr9qtmhjYPUtsFB04g9R,https://api.spotify.com/v1/tracks/0Yqr9qtmhjYPUtsFB04g9R,https://api.spotify.com/v1/audio-analysis/0Yqr9qtmhjYPUtsFB04g9R,217052,4
111,6THpewjqJ15ORBJkh5CEYb,You Never Walk Alone,2017-02-13,3,0Q2rXWKozTyewEaVUkFhmA,Begin,46,0.566,0.842,9,-5.222,0,0.0442,0.00357,0.000253,0.141,0.308,131.05,audio_features,0Q2rXWKozTyewEaVUkFhmA,spotify:track:0Q2rXWKozTyewEaVUkFhmA,https://api.spotify.com/v1/tracks/0Q2rXWKozTyewEaVUkFhmA,https://api.spotify.com/v1/audio-analysis/0Q2rXWKozTyewEaVUkFhmA,229740,4
112,6THpewjqJ15ORBJkh5CEYb,You Never Walk Alone,2017-02-13,4,66N38jZOApS3dGhy8ijBVV,Lie,50,0.541,0.779,6,-5.581,0,0.033,0.00338,0.0,0.177,0.501,94.069,audio_features,66N38jZOApS3dGhy8ijBVV,spotify:track:66N38jZOApS3dGhy8ijBVV,https://api.spotify.com/v1/tracks/66N38jZOApS3dGhy8ijBVV,https://api.spotify.com/v1/audio-analysis/66N38jZOApS3dGhy8ijBVV,215753,3
113,6THpewjqJ15ORBJkh5CEYb,You Never Walk Alone,2017-02-13,5,5grRCOfgYUpsGHsDHl4K1Y,Stigma,50,0.566,0.475,0,-5.556,0,0.089,0.148,0.0,0.139,0.335,136.442,audio_features,5grRCOfgYUpsGHsDHl4K1Y,spotify:track:5grRCOfgYUpsGHsDHl4K1Y,https://api.spotify.com/v1/tracks/5grRCOfgYUpsGHsDHl4K1Y,https://api.spotify.com/v1/audio-analysis/5grRCOfgYUpsGHsDHl4K1Y,216063,4
114,6THpewjqJ15ORBJkh5CEYb,You Never Walk Alone,2017-02-13,6,474dlSQ6pirpzcSf58cZOF,First Love,44,0.545,0.74,8,-5.997,0,0.308,0.364,0.0,0.164,0.671,86.842,audio_features,474dlSQ6pirpzcSf58cZOF,spotify:track:474dlSQ6pirpzcSf58cZOF,https://api.spotify.com/v1/tracks/474dlSQ6pirpzcSf58cZOF,https://api.spotify.com/v1/audio-analysis/474dlSQ6pirpzcSf58cZOF,189795,4
115,6THpewjqJ15ORBJkh5CEYb,You Never Walk Alone,2017-02-13,7,7MtCKC1shCaN0eaZoEd8yF,Reflection,43,0.555,0.607,2,-7.991,1,0.085,0.0135,1.59e-06,0.2,0.273,73.997,audio_features,7MtCKC1shCaN0eaZoEd8yF,spotify:track:7MtCKC1shCaN0eaZoEd8yF,https://api.spotify.com/v1/tracks/7MtCKC1shCaN0eaZoEd8yF,https://api.spotify.com/v1/audio-analysis/7MtCKC1shCaN0eaZoEd8yF,233917,4
116,6THpewjqJ15ORBJkh5CEYb,You Never Walk Alone,2017-02-13,8,25TIeoVFG1QKdMppHdjNq0,MAMA,44,0.543,0.739,5,-4.818,0,0.232,0.000226,2.14e-05,0.0816,0.466,185.832,audio_features,25TIeoVFG1QKdMppHdjNq0,spotify:track:25TIeoVFG1QKdMppHdjNq0,https://api.spotify.com/v1/tracks/25TIeoVFG1QKdMppHdjNq0,https://api.spotify.com/v1/audio-analysis/25TIeoVFG1QKdMppHdjNq0,212275,4
117,6THpewjqJ15ORBJkh5CEYb,You Never Walk Alone,2017-02-13,9,1GZ4rjIbktlYy1n7zmyCmq,Awake,47,0.35,0.498,3,-6.589,1,0.0332,0.023,1.99e-06,0.269,0.34,142.803,audio_features,1GZ4rjIbktlYy1n7zmyCmq,spotify:track:1GZ4rjIbktlYy1n7zmyCmq,https://api.spotify.com/v1/tracks/1GZ4rjIbktlYy1n7zmyCmq,https://api.spotify.com/v1/audio-analysis/1GZ4rjIbktlYy1n7zmyCmq,226161,4
118,6THpewjqJ15ORBJkh5CEYb,You Never Walk Alone,2017-02-13,10,6aDhj6RxOvQ4GFo9U7lZYi,Lost,46,0.547,0.838,9,-4.157,0,0.0544,0.000374,0.0,0.0562,0.47,85.018,audio_features,6aDhj6RxOvQ4GFo9U7lZYi,spotify:track:6aDhj6RxOvQ4GFo9U7lZYi,https://api.spotify.com/v1/tracks/6aDhj6RxOvQ4GFo9U7lZYi,https://api.spotify.com/v1/audio-analysis/6aDhj6RxOvQ4GFo9U7lZYi,241787,4
119,6THpewjqJ15ORBJkh5CEYb,You Never Walk Alone,2017-02-13,11,5tLC6mhPAWJ2s2Wr4A6qHX,BTS Cypher 4,45,0.817,0.797,1,-4.395,0,0.0839,0.00533,7.77e-06,0.0551,0.361,119.978,audio_features,5tLC6mhPAWJ2s2Wr4A6qHX,spotify:track:5tLC6mhPAWJ2s2Wr4A6qHX,https://api.spotify.com/v1/tracks/5tLC6mhPAWJ2s2Wr4A6qHX,https://api.spotify.com/v1/audio-analysis/5tLC6mhPAWJ2s2Wr4A6qHX,294463,4
120,6THpewjqJ15ORBJkh5CEYb,You Never Walk Alone,2017-02-13,12,6u6d06X2GzZ9AjPrh14MJH,Am I Wrong,43,0.76,0.834,6,-4.992,1,0.0494,0.00125,1.07e-05,0.0868,0.679,107.988,audio_features,6u6d06X2GzZ9AjPrh14MJH,spotify:track:6u6d06X2GzZ9AjPrh14MJH,https://api.spotify.com/v1/tracks/6u6d06X2GzZ9AjPrh14MJH,https://api.spotify.com/v1/audio-analysis/6u6d06X2GzZ9AjPrh14MJH,213082,4
121,6THpewjqJ15ORBJkh5CEYb,You Never Walk Alone,2017-02-13,13,6GxNA9J3P70amAXKUPghid,21st Century Girl,45,0.716,0.906,2,-3.539,1,0.0719,0.00424,0.0,0.0547,0.763,101.029,audio_features,6GxNA9J3P70amAXKUPghid,spotify:track:6GxNA9J3P70amAXKUPghid,https://api.spotify.com/v1/tracks/6GxNA9J3P70amAXKUPghid,https://api.spotify.com/v1/audio-analysis/6GxNA9J3P70amAXKUPghid,192597,4
122,6THpewjqJ15ORBJkh5CEYb,You Never Walk Alone,2017-02-13,14,0G1Y5QG8wULxMzm45vqPIZ,2! 3!,46,0.442,0.928,7,-4.096,1,0.207,0.0257,0.0,0.1,0.601,169.847,audio_features,0G1Y5QG8wULxMzm45vqPIZ,spotify:track:0G1Y5QG8wULxMzm45vqPIZ,https://api.spotify.com/v1/tracks/0G1Y5QG8wULxMzm45vqPIZ,https://api.spotify.com/v1/audio-analysis/0G1Y5QG8wULxMzm45vqPIZ,272537,4
123,6THpewjqJ15ORBJkh5CEYb,You Never Walk Alone,2017-02-13,15,2j1fFjWHCI9KJSwcuYAOyF,Spring Day,75,0.539,0.846,8,-3.192,1,0.0354,0.00631,1.71e-06,0.13,0.462,106.994,audio_features,2j1fFjWHCI9KJSwcuYAOyF,spotify:track:2j1fFjWHCI9KJSwcuYAOyF,https://api.spotify.com/v1/tracks/2j1fFjWHCI9KJSwcuYAOyF,https://api.spotify.com/v1/audio-analysis/2j1fFjWHCI9KJSwcuYAOyF,274097,4
124,6THpewjqJ15ORBJkh5CEYb,You Never Walk Alone,2017-02-13,16,3wyrhwPpV8uhMMEms4vG3X,Not Today,70,0.593,0.945,8,-3.408,1,0.126,0.00174,0.0,0.923,0.674,110.023,audio_features,3wyrhwPpV8uhMMEms4vG3X,spotify:track:3wyrhwPpV8uhMMEms4vG3X,https://api.spotify.com/v1/tracks/3wyrhwPpV8uhMMEms4vG3X,https://api.spotify.com/v1/audio-analysis/3wyrhwPpV8uhMMEms4vG3X,231860,4
125,6THpewjqJ15ORBJkh5CEYb,You Never Walk Alone,2017-02-13,17,7kyUapJyppdjzoAWB6XS14,Outro: Wings,69,0.651,0.903,11,-3.117,0,0.129,0.00503,0.0,0.0875,0.658,125.032,audio_features,7kyUapJyppdjzoAWB6XS14,spotify:track:7kyUapJyppdjzoAWB6XS14,https://api.spotify.com/v1/tracks/7kyUapJyppdjzoAWB6XS14,https://api.spotify.com/v1/audio-analysis/7kyUapJyppdjzoAWB6XS14,225447,4
126,6THpewjqJ15ORBJkh5CEYb,You Never Walk Alone,2017-02-13,18,2ZbYyDM0pacTwP2odNsdlo,A Supplementary Story: You Never Walk Alone,60,0.696,0.903,8,-4.788,1,0.151,0.00596,0.0,0.0668,0.59,127.994,audio_features,2ZbYyDM0pacTwP2odNsdlo,spotify:track:2ZbYyDM0pacTwP2odNsdlo,https://api.spotify.com/v1/tracks/2ZbYyDM0pacTwP2odNsdlo,https://api.spotify.com/v1/audio-analysis/2ZbYyDM0pacTwP2odNsdlo,156061,4
127,07Rq17GzCnIdWJcyVHb57G,Love Yourself 承 'Her',2017-09-18,1,61RvEx7GLYRHQhG7ldjJo1,Intro: Serendipity,66,0.477,0.581,8,-8.795,1,0.119,0.523,0.0,0.201,0.282,129.571,audio_features,61RvEx7GLYRHQhG7ldjJo1,spotify:track:61RvEx7GLYRHQhG7ldjJo1,https://api.spotify.com/v1/tracks/61RvEx7GLYRHQhG7ldjJo1,https://api.spotify.com/v1/audio-analysis/61RvEx7GLYRHQhG7ldjJo1,139972,4
128,07Rq17GzCnIdWJcyVHb57G,Love Yourself 承 'Her',2017-09-18,2,3uRLwBjI2TahxslcMTvpFs,DNA,75,0.599,0.775,1,-4.018,0,0.0543,0.0217,0.0,0.0678,0.696,129.817,audio_features,3uRLwBjI2TahxslcMTvpFs,spotify:track:3uRLwBjI2TahxslcMTvpFs,https://api.spotify.com/v1/tracks/3uRLwBjI2TahxslcMTvpFs,https://api.spotify.com/v1/audio-analysis/3uRLwBjI2TahxslcMTvpFs,223123,4
129,07Rq17GzCnIdWJcyVHb57G,Love Yourself 承 'Her',2017-09-18,3,5C6A1WXVfKvBBQmaFFnBgs,Best Of Me,70,0.655,0.756,8,-4.388,1,0.07,0.0298,0.0,0.396,0.469,121.936,audio_features,5C6A1WXVfKvBBQmaFFnBgs,spotify:track:5C6A1WXVfKvBBQmaFFnBgs,https://api.spotify.com/v1/tracks/5C6A1WXVfKvBBQmaFFnBgs,https://api.spotify.com/v1/audio-analysis/5C6A1WXVfKvBBQmaFFnBgs,227191,4
130,07Rq17GzCnIdWJcyVHb57G,Love Yourself 承 'Her',2017-09-18,4,6pp6xf9zS55GD4nr318XUH,dimple,72,0.612,0.844,5,-4.694,0,0.0757,0.14,0.0,0.289,0.652,134.872,audio_features,6pp6xf9zS55GD4nr318XUH,spotify:track:6pp6xf9zS55GD4nr318XUH,https://api.spotify.com/v1/tracks/6pp6xf9zS55GD4nr318XUH,https://api.spotify.com/v1/audio-analysis/6pp6xf9zS55GD4nr318XUH,196776,4
131,07Rq17GzCnIdWJcyVHb57G,Love Yourself 承 'Her',2017-09-18,5,1ZPeaPDjQOOC8hw1mNjyjF,Pied Piper,75,0.583,0.712,2,-4.942,0,0.0326,0.2,0.0,0.268,0.778,94.051,audio_features,1ZPeaPDjQOOC8hw1mNjyjF,spotify:track:1ZPeaPDjQOOC8hw1mNjyjF,https://api.spotify.com/v1/tracks/1ZPeaPDjQOOC8hw1mNjyjF,https://api.spotify.com/v1/audio-analysis/1ZPeaPDjQOOC8hw1mNjyjF,245621,4
132,07Rq17GzCnIdWJcyVHb57G,Love Yourself 承 'Her',2017-09-18,6,6OeYM2861GaP3D1pbBqmbp,Skit: Billboard Music Awards Speech,49,0.315,0.694,3,-15.389,1,0.398,0.38,0.000203,0.66,0.327,90.586,audio_features,6OeYM2861GaP3D1pbBqmbp,spotify:track:6OeYM2861GaP3D1pbBqmbp,https://api.spotify.com/v1/tracks/6OeYM2861GaP3D1pbBqmbp,https://api.spotify.com/v1/audio-analysis/6OeYM2861GaP3D1pbBqmbp,107062,3
133,07Rq17GzCnIdWJcyVHb57G,Love Yourself 承 'Her',2017-09-18,7,4gZGAVECoiutzp64KSHNjE,MIC Drop,67,0.667,0.889,6,-4.851,1,0.0917,0.00912,0.0,0.0816,0.541,169.961,audio_features,4gZGAVECoiutzp64KSHNjE,spotify:track:4gZGAVECoiutzp64KSHNjE,https://api.spotify.com/v1/tracks/4gZGAVECoiutzp64KSHNjE,https://api.spotify.com/v1/audio-analysis/4gZGAVECoiutzp64KSHNjE,238193,4
134,07Rq17GzCnIdWJcyVHb57G,Love Yourself 承 'Her',2017-09-18,8,5vOT8VO87TAnUjh0oADwb1,Go Go,72,0.856,0.617,10,-5.308,0,0.084,0.171,0.0,0.0857,0.759,136.081,audio_features,5vOT8VO87TAnUjh0oADwb1,spotify:track:5vOT8VO87TAnUjh0oADwb1,https://api.spotify.com/v1/tracks/5vOT8VO87TAnUjh0oADwb1,https://api.spotify.com/v1/audio-analysis/5vOT8VO87TAnUjh0oADwb1,235780,4
135,07Rq17GzCnIdWJcyVHb57G,Love Yourself 承 'Her',2017-09-18,9,559U79ujLJSP6OUyH2nGLl,Outro: Her,60,0.48,0.927,3,-5.704,1,0.27,0.317,0.0,0.0583,0.45,88.804,audio_features,559U79ujLJSP6OUyH2nGLl,spotify:track:559U79ujLJSP6OUyH2nGLl,https://api.spotify.com/v1/tracks/559U79ujLJSP6OUyH2nGLl,https://api.spotify.com/v1/audio-analysis/559U79ujLJSP6OUyH2nGLl,228613,4
136,4NIqCxqP9o8Tp6tGLBqd8O,Love Yourself 轉 'Tear',2018-05-18,1,5rNZsITjXf23iFkRA924FV,Intro: Singularity,69,0.775,0.272,1,-9.126,0,0.091,0.56,0.00278,0.112,0.198,103.991,audio_features,5rNZsITjXf23iFkRA924FV,spotify:track:5rNZsITjXf23iFkRA924FV,https://api.spotify.com/v1/tracks/5rNZsITjXf23iFkRA924FV,https://api.spotify.com/v1/audio-analysis/5rNZsITjXf23iFkRA924FV,196998,3
137,4NIqCxqP9o8Tp6tGLBqd8O,Love Yourself 轉 'Tear',2018-05-18,2,6m1TWFMeon7ai9XLOzdbiR,FAKE LOVE,77,0.557,0.719,2,-4.515,0,0.0371,0.00267,0.0,0.306,0.345,77.502,audio_features,6m1TWFMeon7ai9XLOzdbiR,spotify:track:6m1TWFMeon7ai9XLOzdbiR,https://api.spotify.com/v1/tracks/6m1TWFMeon7ai9XLOzdbiR,https://api.spotify.com/v1/audio-analysis/6m1TWFMeon7ai9XLOzdbiR,242334,4
138,4NIqCxqP9o8Tp6tGLBqd8O,Love Yourself 轉 'Tear',2018-05-18,3,7DEKa5Z7Cl8s3Y7imb88OM,The Truth Untold (feat. Steve Aoki),72,0.571,0.422,1,-7.561,0,0.0422,0.374,0.0,0.127,0.169,113.016,audio_features,7DEKa5Z7Cl8s3Y7imb88OM,spotify:track:7DEKa5Z7Cl8s3Y7imb88OM,https://api.spotify.com/v1/tracks/7DEKa5Z7Cl8s3Y7imb88OM,https://api.spotify.com/v1/audio-analysis/7DEKa5Z7Cl8s3Y7imb88OM,242293,4
139,4NIqCxqP9o8Tp6tGLBqd8O,Love Yourself 轉 'Tear',2018-05-18,4,1MX0g22bQkr9HDVe37fLnN,134340,67,0.665,0.687,11,-6.466,0,0.0547,0.155,9.28e-05,0.173,0.651,106.023,audio_features,1MX0g22bQkr9HDVe37fLnN,spotify:track:1MX0g22bQkr9HDVe37fLnN,https://api.spotify.com/v1/tracks/1MX0g22bQkr9HDVe37fLnN,https://api.spotify.com/v1/audio-analysis/1MX0g22bQkr9HDVe37fLnN,230063,4
140,4NIqCxqP9o8Tp6tGLBqd8O,Love Yourself 轉 'Tear',2018-05-18,5,1YO4xJXhh9A1Feg9k8xuy2,Paradise,67,0.551,0.828,5,-5.523,1,0.352,0.214,0.0,0.0571,0.928,139.662,audio_features,1YO4xJXhh9A1Feg9k8xuy2,spotify:track:1YO4xJXhh9A1Feg9k8xuy2,https://api.spotify.com/v1/tracks/1YO4xJXhh9A1Feg9k8xuy2,https://api.spotify.com/v1/audio-analysis/1YO4xJXhh9A1Feg9k8xuy2,211224,4
141,4NIqCxqP9o8Tp6tGLBqd8O,Love Yourself 轉 'Tear',2018-05-18,6,4ROdFnoZNn2RTmwct0cVpx,Love Maze,72,0.637,0.876,9,-4.652,1,0.0618,0.0483,0.0,0.0728,0.759,149.93,audio_features,4ROdFnoZNn2RTmwct0cVpx,spotify:track:4ROdFnoZNn2RTmwct0cVpx,https://api.spotify.com/v1/tracks/4ROdFnoZNn2RTmwct0cVpx,https://api.spotify.com/v1/audio-analysis/4ROdFnoZNn2RTmwct0cVpx,221529,4
142,4NIqCxqP9o8Tp6tGLBqd8O,Love Yourself 轉 'Tear',2018-05-18,7,5MTGPkmiUuud9NkA0sl2nI,Magic Shop,73,0.531,0.661,1,-5.836,1,0.0907,0.103,0.0,0.0779,0.278,149.934,audio_features,5MTGPkmiUuud9NkA0sl2nI,spotify:track:5MTGPkmiUuud9NkA0sl2nI,https://api.spotify.com/v1/tracks/5MTGPkmiUuud9NkA0sl2nI,https://api.spotify.com/v1/audio-analysis/5MTGPkmiUuud9NkA0sl2nI,275696,4
143,4NIqCxqP9o8Tp6tGLBqd8O,Love Yourself 轉 'Tear',2018-05-18,8,4lAE47gj539h8R1yxPhhGG,Airplane pt.2,73,0.77,0.817,0,-4.092,0,0.0339,0.0265,0.000103,0.084,0.866,139.979,audio_features,4lAE47gj539h8R1yxPhhGG,spotify:track:4lAE47gj539h8R1yxPhhGG,https://api.spotify.com/v1/tracks/4lAE47gj539h8R1yxPhhGG,https://api.spotify.com/v1/audio-analysis/4lAE47gj539h8R1yxPhhGG,218615,4
144,4NIqCxqP9o8Tp6tGLBqd8O,Love Yourself 轉 'Tear',2018-05-18,9,34OSqW5ULWxmCEMjJ1ZgVW,Anpanman,72,0.813,0.876,1,-2.92,0,0.0922,0.024,0.0,0.287,0.757,98.989,audio_features,34OSqW5ULWxmCEMjJ1ZgVW,spotify:track:34OSqW5ULWxmCEMjJ1ZgVW,https://api.spotify.com/v1/tracks/34OSqW5ULWxmCEMjJ1ZgVW,https://api.spotify.com/v1/audio-analysis/34OSqW5ULWxmCEMjJ1ZgVW,232966,4
145,4NIqCxqP9o8Tp6tGLBqd8O,Love Yourself 轉 'Tear',2018-05-18,10,0wqqe8k13bJPxRt7FEmnwS,So What,70,0.657,0.883,9,-4.294,0,0.0733,0.0238,0.0,0.0481,0.461,129.943,audio_features,0wqqe8k13bJPxRt7FEmnwS,spotify:track:0wqqe8k13bJPxRt7FEmnwS,https://api.spotify.com/v1/tracks/0wqqe8k13bJPxRt7FEmnwS,https://api.spotify.com/v1/audio-analysis/0wqqe8k13bJPxRt7FEmnwS,281521,4
146,4NIqCxqP9o8Tp6tGLBqd8O,Love Yourself 轉 'Tear',2018-05-18,11,27yKZtF7WLdmlLoW8qMssq,Outro: Tear,65,0.711,0.903,6,-2.723,0,0.246,0.327,0.0,0.0887,0.469,140.02,audio_features,27yKZtF7WLdmlLoW8qMssq,spotify:track:27yKZtF7WLdmlLoW8qMssq,https://api.spotify.com/v1/tracks/27yKZtF7WLdmlLoW8qMssq,https://api.spotify.com/v1/audio-analysis/27yKZtF7WLdmlLoW8qMssq,284981,4
147,43wFM1HquliY3iwKWzPN4y,Love Yourself 結 'Answer',2018-08-24,1,5YMXGBD6vcYP7IolemyLtK,Euphoria,78,0.637,0.799,2,-4.518,1,0.0338,0.394,0.0,0.0921,0.57,104.996,audio_features,5YMXGBD6vcYP7IolemyLtK,spotify:track:5YMXGBD6vcYP7IolemyLtK,https://api.spotify.com/v1/tracks/5YMXGBD6vcYP7IolemyLtK,https://api.spotify.com/v1/audio-analysis/5YMXGBD6vcYP7IolemyLtK,228615,4
148,43wFM1HquliY3iwKWzPN4y,Love Yourself 結 'Answer',2018-08-24,2,4YDHRtzm0OGuieCTVQjVuk,Trivia 起 : Just Dance,64,0.723,0.906,1,-4.777,0,0.281,0.0929,0.0,0.0771,0.393,125.023,audio_features,4YDHRtzm0OGuieCTVQjVuk,spotify:track:4YDHRtzm0OGuieCTVQjVuk,https://api.spotify.com/v1/tracks/4YDHRtzm0OGuieCTVQjVuk,https://api.spotify.com/v1/audio-analysis/4YDHRtzm0OGuieCTVQjVuk,225221,4
149,43wFM1HquliY3iwKWzPN4y,Love Yourself 結 'Answer',2018-08-24,3,1dS4l6xmdgEhCZTAhdOm4N,Serendipity - Full Length Edition,73,0.422,0.578,8,-7.524,1,0.0548,0.443,0.0,0.231,0.227,128.921,audio_features,1dS4l6xmdgEhCZTAhdOm4N,spotify:track:1dS4l6xmdgEhCZTAhdOm4N,https://api.spotify.com/v1/tracks/1dS4l6xmdgEhCZTAhdOm4N,https://api.spotify.com/v1/audio-analysis/1dS4l6xmdgEhCZTAhdOm4N,276708,4
150,43wFM1HquliY3iwKWzPN4y,Love Yourself 結 'Answer',2018-08-24,4,2ngmiq1KoYn3x25VOmvd8F,DNA,59,0.599,0.775,1,-3.997,0,0.0542,0.022,0.0,0.0669,0.703,129.817,audio_features,2ngmiq1KoYn3x25VOmvd8F,spotify:track:2ngmiq1KoYn3x25VOmvd8F,https://api.spotify.com/v1/tracks/2ngmiq1KoYn3x25VOmvd8F,https://api.spotify.com/v1/audio-analysis/2ngmiq1KoYn3x25VOmvd8F,223123,4
151,43wFM1HquliY3iwKWzPN4y,Love Yourself 結 'Answer',2018-08-24,5,1rLkzFZdokhx6Wcs80uvnw,Dimple,59,0.612,0.844,5,-4.694,0,0.0757,0.14,0.0,0.289,0.652,134.872,audio_features,1rLkzFZdokhx6Wcs80uvnw,spotify:track:1rLkzFZdokhx6Wcs80uvnw,https://api.spotify.com/v1/tracks/1rLkzFZdokhx6Wcs80uvnw,https://api.spotify.com/v1/audio-analysis/1rLkzFZdokhx6Wcs80uvnw,196776,4
152,43wFM1HquliY3iwKWzPN4y,Love Yourself 結 'Answer',2018-08-24,6,6bSwpQYEguyMlkCoWiBt3Y,Trivia 承 : Love,64,0.761,0.761,5,-5.721,0,0.0899,0.242,0.0,0.103,0.484,121.971,audio_features,6bSwpQYEguyMlkCoWiBt3Y,spotify:track:6bSwpQYEguyMlkCoWiBt3Y,https://api.spotify.com/v1/tracks/6bSwpQYEguyMlkCoWiBt3Y,https://api.spotify.com/v1/audio-analysis/6bSwpQYEguyMlkCoWiBt3Y,225698,4
153,43wFM1HquliY3iwKWzPN4y,Love Yourself 結 'Answer',2018-08-24,7,6FHVHycPPTQp6aAHjLhzFT,Her,53,0.48,0.927,3,-5.704,1,0.27,0.317,0.0,0.0583,0.45,88.804,audio_features,6FHVHycPPTQp6aAHjLhzFT,spotify:track:6FHVHycPPTQp6aAHjLhzFT,https://api.spotify.com/v1/tracks/6FHVHycPPTQp6aAHjLhzFT,https://api.spotify.com/v1/audio-analysis/6FHVHycPPTQp6aAHjLhzFT,228613,4
154,43wFM1HquliY3iwKWzPN4y,Love Yourself 結 'Answer',2018-08-24,8,2ApfJvLr7RbhJl6NOVhEu6,Singularity,60,0.775,0.272,1,-9.126,0,0.091,0.56,0.00278,0.112,0.198,103.991,audio_features,2ApfJvLr7RbhJl6NOVhEu6,spotify:track:2ApfJvLr7RbhJl6NOVhEu6,https://api.spotify.com/v1/tracks/2ApfJvLr7RbhJl6NOVhEu6,https://api.spotify.com/v1/audio-analysis/2ApfJvLr7RbhJl6NOVhEu6,196998,3
155,43wFM1HquliY3iwKWzPN4y,Love Yourself 結 'Answer',2018-08-24,9,6a0gRYXKK0YU69cXaB2RrK,FAKE LOVE,58,0.557,0.719,2,-4.515,0,0.0371,0.00267,0.0,0.306,0.345,77.502,audio_features,6a0gRYXKK0YU69cXaB2RrK,spotify:track:6a0gRYXKK0YU69cXaB2RrK,https://api.spotify.com/v1/tracks/6a0gRYXKK0YU69cXaB2RrK,https://api.spotify.com/v1/audio-analysis/6a0gRYXKK0YU69cXaB2RrK,242334,4
156,43wFM1HquliY3iwKWzPN4y,Love Yourself 結 'Answer',2018-08-24,10,4eP8Syl3aBEQw3Jy5Bhq0D,The Truth Untold,57,0.571,0.422,1,-7.561,0,0.0422,0.374,0.0,0.127,0.169,113.016,audio_features,4eP8Syl3aBEQw3Jy5Bhq0D,spotify:track:4eP8Syl3aBEQw3Jy5Bhq0D,https://api.spotify.com/v1/tracks/4eP8Syl3aBEQw3Jy5Bhq0D,https://api.spotify.com/v1/audio-analysis/4eP8Syl3aBEQw3Jy5Bhq0D,242293,4
157,43wFM1HquliY3iwKWzPN4y,Love Yourself 結 'Answer',2018-08-24,11,0mZI1NpihIVcho2f9MmqSW,Trivia 轉 : Seesaw,70,0.707,0.791,5,-4.483,0,0.035,0.179,0.0,0.102,0.674,106.985,audio_features,0mZI1NpihIVcho2f9MmqSW,spotify:track:0mZI1NpihIVcho2f9MmqSW,https://api.spotify.com/v1/tracks/0mZI1NpihIVcho2f9MmqSW,https://api.spotify.com/v1/audio-analysis/0mZI1NpihIVcho2f9MmqSW,246334,4
158,43wFM1HquliY3iwKWzPN4y,Love Yourself 結 'Answer',2018-08-24,12,3smbno1dKL410vC27M5KOS,Tear,53,0.711,0.903,6,-2.723,0,0.246,0.327,0.0,0.0887,0.469,140.02,audio_features,3smbno1dKL410vC27M5KOS,spotify:track:3smbno1dKL410vC27M5KOS,https://api.spotify.com/v1/tracks/3smbno1dKL410vC27M5KOS,https://api.spotify.com/v1/audio-analysis/3smbno1dKL410vC27M5KOS,284981,4
159,43wFM1HquliY3iwKWzPN4y,Love Yourself 結 'Answer',2018-08-24,13,6L88EH68XwlaXwvChlTS41,Epiphany,72,0.508,0.559,2,-6.366,0,0.0276,0.288,0.0,0.131,0.329,135.866,audio_features,6L88EH68XwlaXwvChlTS41,spotify:track:6L88EH68XwlaXwvChlTS41,https://api.spotify.com/v1/tracks/6L88EH68XwlaXwvChlTS41,https://api.spotify.com/v1/audio-analysis/6L88EH68XwlaXwvChlTS41,240362,4
160,43wFM1HquliY3iwKWzPN4y,Love Yourself 結 'Answer',2018-08-24,14,7HYJqAMbKDJYRyEfUGOCBB,I'm Fine,69,0.511,0.84,11,-2.781,0,0.103,0.00852,0.0,0.346,0.303,87.605,audio_features,7HYJqAMbKDJYRyEfUGOCBB,spotify:track:7HYJqAMbKDJYRyEfUGOCBB,https://api.spotify.com/v1/tracks/7HYJqAMbKDJYRyEfUGOCBB,https://api.spotify.com/v1/audio-analysis/7HYJqAMbKDJYRyEfUGOCBB,240339,4
161,43wFM1HquliY3iwKWzPN4y,Love Yourself 結 'Answer',2018-08-24,15,1e8J3XClxZbFmvIHLI8CE4,IDOL,75,0.733,0.855,9,-3.211,1,0.118,0.00481,0.0,0.123,0.42,126.035,audio_features,1e8J3XClxZbFmvIHLI8CE4,spotify:track:1e8J3XClxZbFmvIHLI8CE4,https://api.spotify.com/v1/tracks/1e8J3XClxZbFmvIHLI8CE4,https://api.spotify.com/v1/audio-analysis/1e8J3XClxZbFmvIHLI8CE4,222732,4
162,43wFM1HquliY3iwKWzPN4y,Love Yourself 結 'Answer',2018-08-24,16,2X3UgVLSA4wYriGIQyYmMA,Answer : Love Myself,70,0.568,0.793,1,-3.749,1,0.0406,0.189,0.0,0.111,0.45,108.051,audio_features,2X3UgVLSA4wYriGIQyYmMA,spotify:track:2X3UgVLSA4wYriGIQyYmMA,https://api.spotify.com/v1/tracks/2X3UgVLSA4wYriGIQyYmMA,https://api.spotify.com/v1/audio-analysis/2X3UgVLSA4wYriGIQyYmMA,251280,4
163,43wFM1HquliY3iwKWzPN4y,Love Yourself 結 'Answer',2018-08-24,1,37nOpaUof3d4Xsmr6moAiI,Magic Shop,58,0.531,0.661,1,-5.836,1,0.0907,0.103,0.0,0.0779,0.278,149.934,audio_features,37nOpaUof3d4Xsmr6moAiI,spotify:track:37nOpaUof3d4Xsmr6moAiI,https://api.spotify.com/v1/tracks/37nOpaUof3d4Xsmr6moAiI,https://api.spotify.com/v1/audio-analysis/37nOpaUof3d4Xsmr6moAiI,275696,4
164,43wFM1HquliY3iwKWzPN4y,Love Yourself 結 'Answer',2018-08-24,2,3xYfDSxJhRLDIb1fw71WTw,Best Of Me,54,0.655,0.756,8,-4.388,1,0.07,0.0298,0.0,0.396,0.469,121.936,audio_features,3xYfDSxJhRLDIb1fw71WTw,spotify:track:3xYfDSxJhRLDIb1fw71WTw,https://api.spotify.com/v1/tracks/3xYfDSxJhRLDIb1fw71WTw,https://api.spotify.com/v1/audio-analysis/3xYfDSxJhRLDIb1fw71WTw,227191,4
165,43wFM1HquliY3iwKWzPN4y,Love Yourself 結 'Answer',2018-08-24,3,60nwvOMLA1uzLHz3CLp4Na,Airplane pt.2,56,0.77,0.817,0,-4.092,0,0.0339,0.0265,0.000103,0.084,0.866,139.979,audio_features,60nwvOMLA1uzLHz3CLp4Na,spotify:track:60nwvOMLA1uzLHz3CLp4Na,https://api.spotify.com/v1/tracks/60nwvOMLA1uzLHz3CLp4Na,https://api.spotify.com/v1/audio-analysis/60nwvOMLA1uzLHz3CLp4Na,218615,4
166,43wFM1HquliY3iwKWzPN4y,Love Yourself 結 'Answer',2018-08-24,4,4kZoZfj7IBg8eo1JZ2vsGO,Go Go,57,0.856,0.617,10,-5.308,0,0.084,0.171,0.0,0.0857,0.759,136.081,audio_features,4kZoZfj7IBg8eo1JZ2vsGO,spotify:track:4kZoZfj7IBg8eo1JZ2vsGO,https://api.spotify.com/v1/tracks/4kZoZfj7IBg8eo1JZ2vsGO,https://api.spotify.com/v1/audio-analysis/4kZoZfj7IBg8eo1JZ2vsGO,235780,4
167,43wFM1HquliY3iwKWzPN4y,Love Yourself 結 'Answer',2018-08-24,5,453W8V5Ynwn6Tr28KuOwsO,Anpanman,56,0.813,0.876,1,-2.92,0,0.0922,0.024,0.0,0.287,0.757,98.989,audio_features,453W8V5Ynwn6Tr28KuOwsO,spotify:track:453W8V5Ynwn6Tr28KuOwsO,https://api.spotify.com/v1/tracks/453W8V5Ynwn6Tr28KuOwsO,https://api.spotify.com/v1/audio-analysis/453W8V5Ynwn6Tr28KuOwsO,232966,4
168,43wFM1HquliY3iwKWzPN4y,Love Yourself 結 'Answer',2018-08-24,6,0nUftNWYvNCWnjiyeujCR8,MIC Drop,55,0.667,0.889,6,-4.851,1,0.0917,0.00912,0.0,0.0816,0.541,169.961,audio_features,0nUftNWYvNCWnjiyeujCR8,spotify:track:0nUftNWYvNCWnjiyeujCR8,https://api.spotify.com/v1/tracks/0nUftNWYvNCWnjiyeujCR8,https://api.spotify.com/v1/audio-analysis/0nUftNWYvNCWnjiyeujCR8,238193,4
169,43wFM1HquliY3iwKWzPN4y,Love Yourself 結 'Answer',2018-08-24,7,0RFxljd297sk7sKm5ZDD5J,DNA - Pedal 2 LA Mix,53,0.487,0.956,1,-3.44,0,0.134,0.0352,0.0,0.301,0.482,129.966,audio_features,0RFxljd297sk7sKm5ZDD5J,spotify:track:0RFxljd297sk7sKm5ZDD5J,https://api.spotify.com/v1/tracks/0RFxljd297sk7sKm5ZDD5J,https://api.spotify.com/v1/audio-analysis/0RFxljd297sk7sKm5ZDD5J,247483,4
170,43wFM1HquliY3iwKWzPN4y,Love Yourself 結 'Answer',2018-08-24,8,1WjGvMbHE23jEipydV80Mu,FAKE LOVE - Rocking Vibe Mix,58,0.466,0.804,2,-4.009,0,0.0392,0.0573,0.0,0.432,0.352,154.901,audio_features,1WjGvMbHE23jEipydV80Mu,spotify:track:1WjGvMbHE23jEipydV80Mu,https://api.spotify.com/v1/tracks/1WjGvMbHE23jEipydV80Mu,https://api.spotify.com/v1/audio-analysis/1WjGvMbHE23jEipydV80Mu,238494,4
171,43wFM1HquliY3iwKWzPN4y,Love Yourself 結 'Answer',2018-08-24,9,01380RE6UfsPSdiUIwrCoH,MIC Drop (Steve Aoki Remix) - Full Length Edition,73,0.606,0.85,11,-3.952,1,0.183,0.0114,1.01e-06,0.206,0.542,170.01,audio_features,01380RE6UfsPSdiUIwrCoH,spotify:track:01380RE6UfsPSdiUIwrCoH,https://api.spotify.com/v1/tracks/01380RE6UfsPSdiUIwrCoH,https://api.spotify.com/v1/audio-analysis/01380RE6UfsPSdiUIwrCoH,307676,4
172,2KqlAl1Kl5fZvbFgJ0qFB6,MAP OF THE SOUL : PERSONA,2019-04-12,1,2GXWzWPsYlTZcvVW8JIu69,Intro : Persona,64,0.486,0.871,9,-4.475,0,0.337,0.0278,0.0,0.313,0.659,85.411,audio_features,2GXWzWPsYlTZcvVW8JIu69,spotify:track:2GXWzWPsYlTZcvVW8JIu69,https://api.spotify.com/v1/tracks/2GXWzWPsYlTZcvVW8JIu69,https://api.spotify.com/v1/audio-analysis/2GXWzWPsYlTZcvVW8JIu69,171023,4
173,2KqlAl1Kl5fZvbFgJ0qFB6,MAP OF THE SOUL : PERSONA,2019-04-12,2,4a9tbd947vo9K8Vti9JwcI,Boy With Luv (feat. Halsey),81,0.645,0.862,11,-4.761,0,0.0845,0.0933,0.0,0.193,0.803,119.947,audio_features,4a9tbd947vo9K8Vti9JwcI,spotify:track:4a9tbd947vo9K8Vti9JwcI,https://api.spotify.com/v1/tracks/4a9tbd947vo9K8Vti9JwcI,https://api.spotify.com/v1/audio-analysis/4a9tbd947vo9K8Vti9JwcI,229773,4
174,2KqlAl1Kl5fZvbFgJ0qFB6,MAP OF THE SOUL : PERSONA,2019-04-12,3,0jSccBRnhNU4KtACMQPvco,Mikrokosmos,73,0.579,0.858,8,-5.212,1,0.114,0.125,0.0,0.0502,0.475,174.043,audio_features,0jSccBRnhNU4KtACMQPvco,spotify:track:0jSccBRnhNU4KtACMQPvco,https://api.spotify.com/v1/tracks/0jSccBRnhNU4KtACMQPvco,https://api.spotify.com/v1/audio-analysis/0jSccBRnhNU4KtACMQPvco,224225,3
175,2KqlAl1Kl5fZvbFgJ0qFB6,MAP OF THE SOUL : PERSONA,2019-04-12,4,3LSjYk6sFQaLi0MjtWcm8P,Make It Right,71,0.639,0.706,7,-7.874,1,0.448,0.0104,0.0,0.132,0.259,105.782,audio_features,3LSjYk6sFQaLi0MjtWcm8P,spotify:track:3LSjYk6sFQaLi0MjtWcm8P,https://api.spotify.com/v1/tracks/3LSjYk6sFQaLi0MjtWcm8P,https://api.spotify.com/v1/audio-analysis/3LSjYk6sFQaLi0MjtWcm8P,226321,4
176,2KqlAl1Kl5fZvbFgJ0qFB6,MAP OF THE SOUL : PERSONA,2019-04-12,5,6Yc3tjFCVR2bfAQFRTZBef,HOME,75,0.633,0.799,7,-4.625,0,0.0427,0.0144,0.0,0.194,0.534,142.991,audio_features,6Yc3tjFCVR2bfAQFRTZBef,spotify:track:6Yc3tjFCVR2bfAQFRTZBef,https://api.spotify.com/v1/tracks/6Yc3tjFCVR2bfAQFRTZBef,https://api.spotify.com/v1/audio-analysis/6Yc3tjFCVR2bfAQFRTZBef,234178,4
177,2KqlAl1Kl5fZvbFgJ0qFB6,MAP OF THE SOUL : PERSONA,2019-04-12,6,7cgWWkpUaS94xoWI8lMGiI,Jamais Vu,68,0.608,0.47,8,-6.73,1,0.0428,0.226,0.0,0.0963,0.241,81.0,audio_features,7cgWWkpUaS94xoWI8lMGiI,spotify:track:7cgWWkpUaS94xoWI8lMGiI,https://api.spotify.com/v1/tracks/7cgWWkpUaS94xoWI8lMGiI,https://api.spotify.com/v1/audio-analysis/7cgWWkpUaS94xoWI8lMGiI,227275,4
178,2KqlAl1Kl5fZvbFgJ0qFB6,MAP OF THE SOUL : PERSONA,2019-04-12,7,2Wkm4JBcIV2uSuu4qlbqFN,Dionysus,70,0.502,0.91,7,-2.769,1,0.107,0.04,0.0,0.319,0.588,176.084,audio_features,2Wkm4JBcIV2uSuu4qlbqFN,spotify:track:2Wkm4JBcIV2uSuu4qlbqFN,https://api.spotify.com/v1/tracks/2Wkm4JBcIV2uSuu4qlbqFN,https://api.spotify.com/v1/audio-analysis/2Wkm4JBcIV2uSuu4qlbqFN,249215,4
179,5W1XY5ucNATjTULERvXx9j,MAP OF THE SOUL : 7,2020-02-21,1,7incJHhOl108CJBxylqc1z,Intro : Persona,52,0.486,0.871,9,-4.475,0,0.337,0.0278,0.0,0.313,0.659,85.411,audio_features,7incJHhOl108CJBxylqc1z,spotify:track:7incJHhOl108CJBxylqc1z,https://api.spotify.com/v1/tracks/7incJHhOl108CJBxylqc1z,https://api.spotify.com/v1/audio-analysis/7incJHhOl108CJBxylqc1z,171023,4
180,5W1XY5ucNATjTULERvXx9j,MAP OF THE SOUL : 7,2020-02-21,2,7lrqvdivAYRGEiO8JFP31G,Boy With Luv (Feat. Halsey),59,0.645,0.862,11,-4.761,0,0.0845,0.0933,0.0,0.193,0.803,119.947,audio_features,7lrqvdivAYRGEiO8JFP31G,spotify:track:7lrqvdivAYRGEiO8JFP31G,https://api.spotify.com/v1/tracks/7lrqvdivAYRGEiO8JFP31G,https://api.spotify.com/v1/audio-analysis/7lrqvdivAYRGEiO8JFP31G,229773,4
181,5W1XY5ucNATjTULERvXx9j,MAP OF THE SOUL : 7,2020-02-21,3,30YLyzfEjMQsXj4ZFslAmT,Make It Right,56,0.639,0.706,7,-7.874,1,0.448,0.0104,0.0,0.132,0.259,105.782,audio_features,30YLyzfEjMQsXj4ZFslAmT,spotify:track:30YLyzfEjMQsXj4ZFslAmT,https://api.spotify.com/v1/tracks/30YLyzfEjMQsXj4ZFslAmT,https://api.spotify.com/v1/audio-analysis/30YLyzfEjMQsXj4ZFslAmT,226321,4
182,5W1XY5ucNATjTULERvXx9j,MAP OF THE SOUL : 7,2020-02-21,4,0PpNBEXkjalflGCMMsBV5B,Jamais Vu,54,0.608,0.47,8,-6.73,1,0.0428,0.226,0.0,0.0963,0.241,81.0,audio_features,0PpNBEXkjalflGCMMsBV5B,spotify:track:0PpNBEXkjalflGCMMsBV5B,https://api.spotify.com/v1/tracks/0PpNBEXkjalflGCMMsBV5B,https://api.spotify.com/v1/audio-analysis/0PpNBEXkjalflGCMMsBV5B,227275,4
183,5W1XY5ucNATjTULERvXx9j,MAP OF THE SOUL : 7,2020-02-21,5,5LvqzuJCNpi2pNkJAX8mBT,Dionysus,56,0.502,0.91,7,-2.769,1,0.107,0.04,0.0,0.319,0.588,176.084,audio_features,5LvqzuJCNpi2pNkJAX8mBT,spotify:track:5LvqzuJCNpi2pNkJAX8mBT,https://api.spotify.com/v1/tracks/5LvqzuJCNpi2pNkJAX8mBT,https://api.spotify.com/v1/audio-analysis/5LvqzuJCNpi2pNkJAX8mBT,249215,4
184,5W1XY5ucNATjTULERvXx9j,MAP OF THE SOUL : 7,2020-02-21,6,7om4LRoSct9hiMPo0fPn7m,Interlude : Shadow,67,0.384,0.798,9,-6.439,0,0.434,0.115,0.0,0.181,0.146,149.854,audio_features,7om4LRoSct9hiMPo0fPn7m,spotify:track:7om4LRoSct9hiMPo0fPn7m,https://api.spotify.com/v1/tracks/7om4LRoSct9hiMPo0fPn7m,https://api.spotify.com/v1/audio-analysis/7om4LRoSct9hiMPo0fPn7m,259821,4
185,5W1XY5ucNATjTULERvXx9j,MAP OF THE SOUL : 7,2020-02-21,7,2EmcTFQ1rM11wp2ztsXTHa,Black Swan,75,0.719,0.757,2,-5.167,0,0.0849,0.137,0.0,0.129,0.489,147.024,audio_features,2EmcTFQ1rM11wp2ztsXTHa,spotify:track:2EmcTFQ1rM11wp2ztsXTHa,https://api.spotify.com/v1/tracks/2EmcTFQ1rM11wp2ztsXTHa,https://api.spotify.com/v1/audio-analysis/2EmcTFQ1rM11wp2ztsXTHa,198261,4
186,5W1XY5ucNATjTULERvXx9j,MAP OF THE SOUL : 7,2020-02-21,8,4bZZVcgWWMWPBwzTTp642w,Filter,78,0.779,0.762,10,-5.188,0,0.0631,0.0224,0.0,0.121,0.859,110.043,audio_features,4bZZVcgWWMWPBwzTTp642w,spotify:track:4bZZVcgWWMWPBwzTTp642w,https://api.spotify.com/v1/tracks/4bZZVcgWWMWPBwzTTp642w,https://api.spotify.com/v1/audio-analysis/4bZZVcgWWMWPBwzTTp642w,180221,4
187,5W1XY5ucNATjTULERvXx9j,MAP OF THE SOUL : 7,2020-02-21,9,0YJFlxeHMUr9MxSDQVuQJA,My Time,73,0.674,0.641,0,-5.139,0,0.0339,0.149,0.0,0.0925,0.664,99.91,audio_features,0YJFlxeHMUr9MxSDQVuQJA,spotify:track:0YJFlxeHMUr9MxSDQVuQJA,https://api.spotify.com/v1/tracks/0YJFlxeHMUr9MxSDQVuQJA,https://api.spotify.com/v1/audio-analysis/0YJFlxeHMUr9MxSDQVuQJA,234458,4
188,5W1XY5ucNATjTULERvXx9j,MAP OF THE SOUL : 7,2020-02-21,10,4Aw8n6r2vuU0KUo1a2nftp,Louder than bombs,71,0.643,0.667,0,-6.947,0,0.151,0.0432,0.0,0.0904,0.478,145.999,audio_features,4Aw8n6r2vuU0KUo1a2nftp,spotify:track:4Aw8n6r2vuU0KUo1a2nftp,https://api.spotify.com/v1/tracks/4Aw8n6r2vuU0KUo1a2nftp,https://api.spotify.com/v1/audio-analysis/4Aw8n6r2vuU0KUo1a2nftp,217404,4
189,5W1XY5ucNATjTULERvXx9j,MAP OF THE SOUL : 7,2020-02-21,11,0fZRNhPJ4AGmwY7rkpdbqK,ON,76,0.583,0.817,9,-5.146,0,0.099,0.118,0.0,0.338,0.437,105.935,audio_features,0fZRNhPJ4AGmwY7rkpdbqK,spotify:track:0fZRNhPJ4AGmwY7rkpdbqK,https://api.spotify.com/v1/tracks/0fZRNhPJ4AGmwY7rkpdbqK,https://api.spotify.com/v1/audio-analysis/0fZRNhPJ4AGmwY7rkpdbqK,246381,4
190,5W1XY5ucNATjTULERvXx9j,MAP OF THE SOUL : 7,2020-02-21,12,2QZe2H1f03t5PJWEMg2Mbe,UGH!,69,0.72,0.824,10,-5.086,0,0.128,0.0394,0.0,0.0509,0.333,165.996,audio_features,2QZe2H1f03t5PJWEMg2Mbe,spotify:track:2QZe2H1f03t5PJWEMg2Mbe,https://api.spotify.com/v1/tracks/2QZe2H1f03t5PJWEMg2Mbe,https://api.spotify.com/v1/audio-analysis/2QZe2H1f03t5PJWEMg2Mbe,225012,4
191,5W1XY5ucNATjTULERvXx9j,MAP OF THE SOUL : 7,2020-02-21,13,6fqaMyg066xlukvUJWdM2T,00:00 (Zero O’Clock),72,0.56,0.547,1,-6.456,1,0.0675,0.0806,0.0,0.11,0.199,157.962,audio_features,6fqaMyg066xlukvUJWdM2T,spotify:track:6fqaMyg066xlukvUJWdM2T,https://api.spotify.com/v1/tracks/6fqaMyg066xlukvUJWdM2T,https://api.spotify.com/v1/audio-analysis/6fqaMyg066xlukvUJWdM2T,250296,4
192,5W1XY5ucNATjTULERvXx9j,MAP OF THE SOUL : 7,2020-02-21,14,25MHcbjvSdcfTiFgbKJiZF,Inner Child,70,0.589,0.696,11,-7.981,1,0.0725,0.017,0.0,0.0808,0.33,134.953,audio_features,25MHcbjvSdcfTiFgbKJiZF,spotify:track:25MHcbjvSdcfTiFgbKJiZF,https://api.spotify.com/v1/tracks/25MHcbjvSdcfTiFgbKJiZF,https://api.spotify.com/v1/audio-analysis/25MHcbjvSdcfTiFgbKJiZF,233266,4
193,5W1XY5ucNATjTULERvXx9j,MAP OF THE SOUL : 7,2020-02-21,15,5RjUtRlDonw3TBgGGMLC5b,Friends,73,0.55,0.747,1,-5.211,1,0.0407,0.0668,0.0,0.0536,0.649,79.979,audio_features,5RjUtRlDonw3TBgGGMLC5b,spotify:track:5RjUtRlDonw3TBgGGMLC5b,https://api.spotify.com/v1/tracks/5RjUtRlDonw3TBgGGMLC5b,https://api.spotify.com/v1/audio-analysis/5RjUtRlDonw3TBgGGMLC5b,199339,4
194,5W1XY5ucNATjTULERvXx9j,MAP OF THE SOUL : 7,2020-02-21,16,6KhAXXgDtEEahVzATvFNcn,Moon,71,0.704,0.646,6,-6.658,1,0.0596,0.0104,0.0,0.191,0.64,141.87,audio_features,6KhAXXgDtEEahVzATvFNcn,spotify:track:6KhAXXgDtEEahVzATvFNcn,https://api.spotify.com/v1/tracks/6KhAXXgDtEEahVzATvFNcn,https://api.spotify.com/v1/audio-analysis/6KhAXXgDtEEahVzATvFNcn,208590,4
195,5W1XY5ucNATjTULERvXx9j,MAP OF THE SOUL : 7,2020-02-21,17,2yKBnKOmPXePrbHqRv42r4,Respect,64,0.661,0.838,0,-4.806,1,0.116,0.00491,0.0,0.287,0.526,91.463,audio_features,2yKBnKOmPXePrbHqRv42r4,spotify:track:2yKBnKOmPXePrbHqRv42r4,https://api.spotify.com/v1/tracks/2yKBnKOmPXePrbHqRv42r4,https://api.spotify.com/v1/audio-analysis/2yKBnKOmPXePrbHqRv42r4,237540,4
196,5W1XY5ucNATjTULERvXx9j,MAP OF THE SOUL : 7,2020-02-21,18,133ocfbXXG4HTk76qgSeUb,We are Bulletproof : the Eternal,72,0.522,0.574,9,-5.225,0,0.0317,0.224,0.0,0.108,0.176,84.044,audio_features,133ocfbXXG4HTk76qgSeUb,spotify:track:133ocfbXXG4HTk76qgSeUb,https://api.spotify.com/v1/tracks/133ocfbXXG4HTk76qgSeUb,https://api.spotify.com/v1/audio-analysis/133ocfbXXG4HTk76qgSeUb,261543,4
197,5W1XY5ucNATjTULERvXx9j,MAP OF THE SOUL : 7,2020-02-21,19,2LVw2bIK99go1NdD77dUCW,Outro : Ego,68,0.808,0.903,0,-3.106,1,0.0957,0.0121,0.000248,0.0993,0.473,116.988,audio_features,2LVw2bIK99go1NdD77dUCW,spotify:track:2LVw2bIK99go1NdD77dUCW,https://api.spotify.com/v1/tracks/2LVw2bIK99go1NdD77dUCW,https://api.spotify.com/v1/audio-analysis/2LVw2bIK99go1NdD77dUCW,196199,4
198,5W1XY5ucNATjTULERvXx9j,MAP OF THE SOUL : 7,2020-02-21,20,4JWbH50WabthGhmtduR8b9,ON (Feat. Sia),61,0.591,0.848,9,-4.396,0,0.0828,0.137,0.0,0.372,0.385,105.924,audio_features,4JWbH50WabthGhmtduR8b9,spotify:track:4JWbH50WabthGhmtduR8b9,https://api.spotify.com/v1/tracks/4JWbH50WabthGhmtduR8b9,https://api.spotify.com/v1/audio-analysis/4JWbH50WabthGhmtduR8b9,246816,4
199,6nYfHQnvkvOTNHnOhDT3sr,BE,2020-11-20,1,5FVbvttjEvQ8r2BgUcJgNg,Life Goes On,79,0.566,0.716,1,-5.733,1,0.0424,0.00691,0.0,0.37,0.45,81.068,audio_features,5FVbvttjEvQ8r2BgUcJgNg,spotify:track:5FVbvttjEvQ8r2BgUcJgNg,https://api.spotify.com/v1/tracks/5FVbvttjEvQ8r2BgUcJgNg,https://api.spotify.com/v1/audio-analysis/5FVbvttjEvQ8r2BgUcJgNg,207481,4
200,6nYfHQnvkvOTNHnOhDT3sr,BE,2020-11-20,2,1NHl9g36Ebu3g16y0vtUNV,Fly To My Room,70,0.764,0.526,11,-7.355,1,0.212,0.0484,0.0,0.0718,0.588,114.91,audio_features,1NHl9g36Ebu3g16y0vtUNV,spotify:track:1NHl9g36Ebu3g16y0vtUNV,https://api.spotify.com/v1/tracks/1NHl9g36Ebu3g16y0vtUNV,https://api.spotify.com/v1/audio-analysis/1NHl9g36Ebu3g16y0vtUNV,222243,4
201,6nYfHQnvkvOTNHnOhDT3sr,BE,2020-11-20,3,7Ki0hse0IfXEcXUlpyECbJ,Blue & Grey,74,0.547,0.605,8,-6.755,1,0.0415,0.42,0.0,0.125,0.364,121.953,audio_features,7Ki0hse0IfXEcXUlpyECbJ,spotify:track:7Ki0hse0IfXEcXUlpyECbJ,https://api.spotify.com/v1/tracks/7Ki0hse0IfXEcXUlpyECbJ,https://api.spotify.com/v1/audio-analysis/7Ki0hse0IfXEcXUlpyECbJ,254950,4
202,6nYfHQnvkvOTNHnOhDT3sr,BE,2020-11-20,4,16SFlxZd0oH4YA7KvCQlsG,Skit,53,0.703,0.321,4,-13.135,1,0.884,0.864,0.0,0.908,0.544,114.822,audio_features,16SFlxZd0oH4YA7KvCQlsG,spotify:track:16SFlxZd0oH4YA7KvCQlsG,https://api.spotify.com/v1/tracks/16SFlxZd0oH4YA7KvCQlsG,https://api.spotify.com/v1/audio-analysis/16SFlxZd0oH4YA7KvCQlsG,179548,4
203,6nYfHQnvkvOTNHnOhDT3sr,BE,2020-11-20,5,6Fnvi5QnVkTskSzeRvvQds,Telepathy,73,0.787,0.669,5,-4.333,0,0.0428,0.00782,0.0,0.123,0.57,104.994,audio_features,6Fnvi5QnVkTskSzeRvvQds,spotify:track:6Fnvi5QnVkTskSzeRvvQds,https://api.spotify.com/v1/tracks/6Fnvi5QnVkTskSzeRvvQds,https://api.spotify.com/v1/audio-analysis/6Fnvi5QnVkTskSzeRvvQds,202313,4
204,6nYfHQnvkvOTNHnOhDT3sr,BE,2020-11-20,6,0hxeouHqP3qzpTHerA7ha2,Dis-ease,71,0.731,0.845,8,-5.352,1,0.132,0.0132,0.0,0.0782,0.484,101.085,audio_features,0hxeouHqP3qzpTHerA7ha2,spotify:track:0hxeouHqP3qzpTHerA7ha2,https://api.spotify.com/v1/tracks/0hxeouHqP3qzpTHerA7ha2,https://api.spotify.com/v1/audio-analysis/0hxeouHqP3qzpTHerA7ha2,239722,4
205,6nYfHQnvkvOTNHnOhDT3sr,BE,2020-11-20,7,0TdWVbcerMAcvljXrl9gpG,Stay,71,0.582,0.693,6,-5.048,1,0.0465,0.114,0.0,0.13,0.341,125.904,audio_features,0TdWVbcerMAcvljXrl9gpG,spotify:track:0TdWVbcerMAcvljXrl9gpG,https://api.spotify.com/v1/tracks/0TdWVbcerMAcvljXrl9gpG,https://api.spotify.com/v1/audio-analysis/0TdWVbcerMAcvljXrl9gpG,204800,4
206,6nYfHQnvkvOTNHnOhDT3sr,BE,2020-11-20,8,5QDLhrAOJJdNAmCTJ8xMyW,Dynamite,85,0.746,0.765,6,-4.41,0,0.0993,0.0112,0.0,0.0936,0.737,114.044,audio_features,5QDLhrAOJJdNAmCTJ8xMyW,spotify:track:5QDLhrAOJJdNAmCTJ8xMyW,https://api.spotify.com/v1/tracks/5QDLhrAOJJdNAmCTJ8xMyW,https://api.spotify.com/v1/audio-analysis/5QDLhrAOJJdNAmCTJ8xMyW,199054,4
207,1Yo63a5AzPMyHiYMKYIrld,Dynamite (DayTime Version),2020-08-28,1,72IwoG8tqvIWV10IHjpNNA,Dynamite,59,0.746,0.765,6,-4.41,0,0.0993,0.0112,0.0,0.0936,0.737,114.044,audio_features,72IwoG8tqvIWV10IHjpNNA,spotify:track:72IwoG8tqvIWV10IHjpNNA,https://api.spotify.com/v1/tracks/72IwoG8tqvIWV10IHjpNNA,https://api.spotify.com/v1/audio-analysis/72IwoG8tqvIWV10IHjpNNA,199054,4
208,1Yo63a5AzPMyHiYMKYIrld,Dynamite (DayTime Version),2020-08-28,2,0V2wvC5MkDjMZyFttv8sZF,Dynamite - Instrumental,44,0.861,0.658,11,-6.966,1,0.05,0.00903,0.803,0.0443,0.625,114.0,audio_features,0V2wvC5MkDjMZyFttv8sZF,spotify:track:0V2wvC5MkDjMZyFttv8sZF,https://api.spotify.com/v1/tracks/0V2wvC5MkDjMZyFttv8sZF,https://api.spotify.com/v1/audio-analysis/0V2wvC5MkDjMZyFttv8sZF,198770,4
209,1Yo63a5AzPMyHiYMKYIrld,Dynamite (DayTime Version),2020-08-28,3,083PvB3ID4h3jiGJ1GbbPA,Dynamite - Acoustic Remix,49,0.656,0.889,1,-5.136,0,0.203,0.0228,7.56e-06,0.366,0.575,113.943,audio_features,083PvB3ID4h3jiGJ1GbbPA,spotify:track:083PvB3ID4h3jiGJ1GbbPA,https://api.spotify.com/v1/tracks/083PvB3ID4h3jiGJ1GbbPA,https://api.spotify.com/v1/audio-analysis/083PvB3ID4h3jiGJ1GbbPA,197994,4
210,1Yo63a5AzPMyHiYMKYIrld,Dynamite (DayTime Version),2020-08-28,4,0GIfKnZxlWAtX7P3b8PYyP,Dynamite - EDM Remix,45,0.707,0.838,1,-4.732,0,0.0599,0.0019,0.444,0.0961,0.318,122.985,audio_features,0GIfKnZxlWAtX7P3b8PYyP,spotify:track:0GIfKnZxlWAtX7P3b8PYyP,https://api.spotify.com/v1/tracks/0GIfKnZxlWAtX7P3b8PYyP,https://api.spotify.com/v1/audio-analysis/0GIfKnZxlWAtX7P3b8PYyP,198939,4
211,1Yo63a5AzPMyHiYMKYIrld,Dynamite (DayTime Version),2020-08-28,5,3u4igxLGmXBu1eiQjawtoe,Dynamite - Tropical Remix,52,0.729,0.896,1,-3.308,0,0.0667,0.0295,1.52e-06,0.234,0.62,114.035,audio_features,3u4igxLGmXBu1eiQjawtoe,spotify:track:3u4igxLGmXBu1eiQjawtoe,https://api.spotify.com/v1/tracks/3u4igxLGmXBu1eiQjawtoe,https://api.spotify.com/v1/audio-analysis/3u4igxLGmXBu1eiQjawtoe,197101,4
212,1Yo63a5AzPMyHiYMKYIrld,Dynamite (DayTime Version),2020-08-28,6,087YUEkmOGciKOflc5sQE6,Dynamite - Poolside Remix,43,0.686,0.877,1,-4.854,0,0.143,0.0089,0.000869,0.208,0.406,123.91,audio_features,087YUEkmOGciKOflc5sQE6,spotify:track:087YUEkmOGciKOflc5sQE6,https://api.spotify.com/v1/tracks/087YUEkmOGciKOflc5sQE6,https://api.spotify.com/v1/audio-analysis/087YUEkmOGciKOflc5sQE6,182592,4
213,7cvsViO3Tg4w5ixs5Aq7mS,Dynamite (NightTime Version),2020-09-18,1,72wqLtMtkrB0qUw6jSqM0Z,Dynamite,60,0.746,0.765,6,-4.41,0,0.0993,0.0112,0.0,0.0936,0.737,114.044,audio_features,72wqLtMtkrB0qUw6jSqM0Z,spotify:track:72wqLtMtkrB0qUw6jSqM0Z,https://api.spotify.com/v1/tracks/72wqLtMtkrB0qUw6jSqM0Z,https://api.spotify.com/v1/audio-analysis/72wqLtMtkrB0qUw6jSqM0Z,199054,4
214,7cvsViO3Tg4w5ixs5Aq7mS,Dynamite (NightTime Version),2020-09-18,2,2sST8al9ONECpQzAV4E4TW,Dynamite - Instrumental,29,0.861,0.658,11,-6.966,1,0.05,0.00903,0.803,0.0443,0.625,114.0,audio_features,2sST8al9ONECpQzAV4E4TW,spotify:track:2sST8al9ONECpQzAV4E4TW,https://api.spotify.com/v1/tracks/2sST8al9ONECpQzAV4E4TW,https://api.spotify.com/v1/audio-analysis/2sST8al9ONECpQzAV4E4TW,198770,4
215,7cvsViO3Tg4w5ixs5Aq7mS,Dynamite (NightTime Version),2020-09-18,3,3adJ5vW78N4lpm4DzbCt6d,Dynamite - Slow Jam Remix,45,0.653,0.683,4,-3.82,1,0.0398,0.36,1e-06,0.324,0.534,113.977,audio_features,3adJ5vW78N4lpm4DzbCt6d,spotify:track:3adJ5vW78N4lpm4DzbCt6d,https://api.spotify.com/v1/tracks/3adJ5vW78N4lpm4DzbCt6d,https://api.spotify.com/v1/audio-analysis/3adJ5vW78N4lpm4DzbCt6d,199690,4
216,7cvsViO3Tg4w5ixs5Aq7mS,Dynamite (NightTime Version),2020-09-18,4,7MRdjWiq6wu1bFqlnqve5q,Dynamite - Midnight Remix,40,0.782,0.795,4,-4.167,1,0.122,0.0689,0.0,0.109,0.402,114.036,audio_features,7MRdjWiq6wu1bFqlnqve5q,spotify:track:7MRdjWiq6wu1bFqlnqve5q,https://api.spotify.com/v1/tracks/7MRdjWiq6wu1bFqlnqve5q,https://api.spotify.com/v1/audio-analysis/7MRdjWiq6wu1bFqlnqve5q,196509,4
217,7cvsViO3Tg4w5ixs5Aq7mS,Dynamite (NightTime Version),2020-09-18,5,46cgcwt80u5CaiqHu361UH,Dynamite - Retro Remix,42,0.647,0.915,4,-2.031,1,0.148,0.0659,0.0,0.327,0.776,113.936,audio_features,46cgcwt80u5CaiqHu361UH,spotify:track:46cgcwt80u5CaiqHu361UH,https://api.spotify.com/v1/tracks/46cgcwt80u5CaiqHu361UH,https://api.spotify.com/v1/audio-analysis/46cgcwt80u5CaiqHu361UH,208404,4
218,7cvsViO3Tg4w5ixs5Aq7mS,Dynamite (NightTime Version),2020-09-18,6,70hNTQkU4hogweDWeMLaWT,Dynamite - Bedroom Remix,42,0.756,0.745,1,-3.263,0,0.0341,0.0631,0.0,0.221,0.726,109.063,audio_features,70hNTQkU4hogweDWeMLaWT,spotify:track:70hNTQkU4hogweDWeMLaWT,https://api.spotify.com/v1/tracks/70hNTQkU4hogweDWeMLaWT,https://api.spotify.com/v1/audio-analysis/70hNTQkU4hogweDWeMLaWT,207926,4
219,0PBQ3Cp6NG8WX0G9KQVNMP,"Butter (Hotter, Sweeter, Cooler)",2021-06-04,1,1mWdTewIgB3gtBM3TOSFhB,Butter,86,0.759,0.459,8,-5.187,1,0.0948,0.00323,0.0,0.0906,0.695,109.997,audio_features,1mWdTewIgB3gtBM3TOSFhB,spotify:track:1mWdTewIgB3gtBM3TOSFhB,https://api.spotify.com/v1/tracks/1mWdTewIgB3gtBM3TOSFhB,https://api.spotify.com/v1/audio-analysis/1mWdTewIgB3gtBM3TOSFhB,164442,4
220,0PBQ3Cp6NG8WX0G9KQVNMP,"Butter (Hotter, Sweeter, Cooler)",2021-06-04,2,2uuWT347cQG0fRkrgAZ5KQ,Butter - Hotter Remix,61,0.702,0.748,8,-5.215,1,0.0489,0.00223,0.0,0.23,0.789,110.028,audio_features,2uuWT347cQG0fRkrgAZ5KQ,spotify:track:2uuWT347cQG0fRkrgAZ5KQ,https://api.spotify.com/v1/tracks/2uuWT347cQG0fRkrgAZ5KQ,https://api.spotify.com/v1/audio-analysis/2uuWT347cQG0fRkrgAZ5KQ,166962,4
221,0PBQ3Cp6NG8WX0G9KQVNMP,"Butter (Hotter, Sweeter, Cooler)",2021-06-04,3,4RCf2OBsZfbMeGNXY872aE,Butter - Sweeter Remix,59,0.728,0.551,5,-5.375,0,0.0577,0.0674,0.0,0.335,0.792,110.059,audio_features,4RCf2OBsZfbMeGNXY872aE,spotify:track:4RCf2OBsZfbMeGNXY872aE,https://api.spotify.com/v1/tracks/4RCf2OBsZfbMeGNXY872aE,https://api.spotify.com/v1/audio-analysis/4RCf2OBsZfbMeGNXY872aE,161935,4
222,0PBQ3Cp6NG8WX0G9KQVNMP,"Butter (Hotter, Sweeter, Cooler)",2021-06-04,4,7zOpZlwRK74a1nuszDZ5ZQ,Butter - Cooler Remix,60,0.651,0.809,8,-3.667,1,0.132,0.00632,0.0,0.321,0.893,110.045,audio_features,7zOpZlwRK74a1nuszDZ5ZQ,spotify:track:7zOpZlwRK74a1nuszDZ5ZQ,https://api.spotify.com/v1/tracks/7zOpZlwRK74a1nuszDZ5ZQ,https://api.spotify.com/v1/audio-analysis/7zOpZlwRK74a1nuszDZ5ZQ,161633,4
223,0PBQ3Cp6NG8WX0G9KQVNMP,"Butter (Hotter, Sweeter, Cooler)",2021-06-04,5,4vNAtmfodHh3Q861erXhok,Butter - Instrumental,51,0.429,0.387,1,-7.486,1,0.0753,0.000178,0.802,0.142,0.41,109.893,audio_features,4vNAtmfodHh3Q861erXhok,spotify:track:4vNAtmfodHh3Q861erXhok,https://api.spotify.com/v1/tracks/4vNAtmfodHh3Q861erXhok,https://api.spotify.com/v1/audio-analysis/4vNAtmfodHh3Q861erXhok,162147,4
